类型,价格,等级,混合性,干性,正常,油性,敏感性
保湿霜,175 ,4 ,1 ,1 ,1 ,1 ,1 
保湿霜,179 ,4 ,1 ,1 ,1 ,1 ,1 
保湿霜,68 ,4 ,1 ,1 ,1 ,1 ,0 
保湿霜,175 ,4 ,1 ,1 ,1 ,1 ,1 
保湿霜,38 ,4 ,1 ,1 ,1 ,1 ,1 
保湿霜,68 ,4 ,1 ,0 ,1 ,1 ,1 
保湿霜,60 ,4 ,1 ,1 ,1 ,1 ,0 
保湿霜,72 ,4 ,1 ,1 ,1 ,1 ,0 
保湿霜,29 ,4 ,1 ,1 ,1 ,1 ,1 
保湿霜,325 ,5 ,0 ,0 ,0 ,0 ,0 
保湿霜,45 ,4 ,0 ,0 ,0 ,0 ,0 
保湿霜,47 ,4 ,1 ,1 ,1 ,1 ,1 
保湿霜,38 ,5 ,1 ,0 ,1 ,1 ,0 
保湿霜,105 ,4 ,1 ,1 ,1 ,1 ,1 
保湿霜,58 ,5 ,1 ,1 ,1 ,1 ,1 
保湿霜,90 ,4 ,1 ,1 ,1 ,1 ,0 
保湿霜,30 ,5 ,1 ,1 ,1 ,1 ,1 
保湿霜,39 ,4 ,1 ,1 ,1 ,1 ,1 
保湿霜,40 ,4 ,0 ,0 ,0 ,0 ,0 
保湿霜,230 ,4 ,0 ,1 ,1 ,0 ,1 
保湿霜,85 ,4 ,1 ,1 ,1 ,1 ,1 
保湿霜,30 ,4 ,0 ,0 ,0 ,0 ,0 
保湿霜,78 ,5 ,0 ,0 ,0 ,0 ,0 
保湿霜,92 ,4 ,1 ,1 ,1 ,0 ,0 
保湿霜,38 ,5 ,0 ,1 ,1 ,0 ,0 
保湿霜,100 ,4 ,0 ,0 ,0 ,0 ,0 
保湿霜,40 ,5 ,1 ,1 ,1 ,1 ,0 
保湿霜,34 ,4 ,1 ,1 ,1 ,1 ,1 
保湿霜,28 ,4 ,1 ,1 ,0 ,0 ,0 
保湿霜,240 ,4 ,1 ,1 ,1 ,1 ,1 
保湿霜,68 ,4 ,0 ,0 ,0 ,0 ,0 
保湿霜,48 ,5 ,1 ,1 ,1 ,1 ,1 
保湿霜,38 ,4 ,1 ,1 ,1 ,1 ,1 
保湿霜,48 ,5 ,0 ,1 ,0 ,1 ,1 
保湿霜,38 ,4 ,1 ,1 ,1 ,1 ,0 
保湿霜,54 ,4 ,0 ,0 ,0 ,0 ,0 
保湿霜,25 ,4 ,1 ,1 ,1 ,1 ,1 
保湿霜,35 ,4 ,0 ,1 ,1 ,0 ,1 
保湿霜,99 ,4 ,1 ,1 ,1 ,1 ,1 
保湿霜,39 ,4 ,0 ,0 ,0 ,0 ,0 
保湿霜,48 ,4 ,1 ,1 ,1 ,0 ,1 
保湿霜,63 ,4 ,0 ,1 ,1 ,0 ,0 
保湿霜,28 ,5 ,1 ,0 ,0 ,1 ,0 
保湿霜,55 ,4 ,1 ,1 ,1 ,1 ,0 
保湿霜,80 ,4 ,1 ,1 ,1 ,1 ,1 
保湿霜,45 ,4 ,1 ,1 ,1 ,1 ,1 
保湿霜,48 ,5 ,1 ,1 ,1 ,1 ,1 
保湿霜,32 ,4 ,0 ,0 ,0 ,0 ,0 
保湿霜,65 ,4 ,1 ,1 ,1 ,0 ,1 
保湿霜,18 ,4 ,1 ,0 ,1 ,1 ,1 
保湿霜,10 ,5 ,1 ,1 ,1 ,1 ,1 
保湿霜,58 ,5 ,1 ,1 ,1 ,1 ,1 
保湿霜,245 ,4 ,1 ,1 ,1 ,1 ,1 
保湿霜,72 ,4 ,1 ,1 ,1 ,1 ,1 
保湿霜,37 ,4 ,1 ,1 ,1 ,1 ,0 
保湿霜,57 ,5 ,0 ,0 ,0 ,0 ,0 
保湿霜,29 ,4 ,1 ,1 ,1 ,1 ,1 
保湿霜,100 ,4 ,0 ,0 ,0 ,0 ,0 
保湿霜,30 ,5 ,1 ,1 ,1 ,1 ,1 
保湿霜,120 ,4 ,1 ,1 ,1 ,0 ,1 
保湿霜,44 ,5 ,1 ,1 ,1 ,1 ,1 
保湿霜,60 ,4 ,1 ,1 ,1 ,1 ,1 
保湿霜,60 ,5 ,1 ,0 ,1 ,1 ,0 
保湿霜,52 ,4 ,1 ,1 ,1 ,1 ,1 
保湿霜,39 ,4 ,1 ,1 ,1 ,1 ,1 
保湿霜,72 ,4 ,1 ,0 ,1 ,1 ,0 
保湿霜,44 ,4 ,1 ,1 ,1 ,1 ,1 
保湿霜,42 ,4 ,0 ,0 ,0 ,0 ,0 
保湿霜,65 ,4 ,1 ,1 ,1 ,1 ,1 
保湿霜,54 ,4 ,0 ,0 ,0 ,0 ,0 
保湿霜,38 ,4 ,1 ,1 ,1 ,1 ,1 
保湿霜,110 ,5 ,1 ,1 ,1 ,0 ,1 
保湿霜,49 ,4 ,1 ,1 ,1 ,1 ,0 
保湿霜,82 ,4 ,0 ,0 ,0 ,0 ,0 
保湿霜,48 ,5 ,1 ,1 ,1 ,0 ,1 
保湿霜,72 ,4 ,0 ,1 ,1 ,0 ,1 
保湿霜,52 ,4 ,0 ,0 ,0 ,0 ,0 
保湿霜,38 ,4 ,1 ,1 ,1 ,1 ,1 
保湿霜,195 ,4 ,1 ,1 ,1 ,1 ,1 
保湿霜,59 ,4 ,1 ,1 ,1 ,1 ,0 
保湿霜,45 ,4 ,1 ,1 ,1 ,1 ,1 
保湿霜,52 ,4 ,1 ,1 ,1 ,1 ,1 
保湿霜,145 ,5 ,1 ,1 ,1 ,1 ,0 
保湿霜,48 ,4 ,1 ,1 ,1 ,1 ,1 
保湿霜,95 ,4 ,0 ,0 ,0 ,0 ,0 
保湿霜,290 ,4 ,1 ,1 ,1 ,1 ,1 
保湿霜,28 ,4 ,1 ,1 ,1 ,1 ,1 
保湿霜,68 ,4 ,1 ,1 ,1 ,1 ,1 
保湿霜,60 ,4 ,0 ,1 ,1 ,0 ,0 
保湿霜,40 ,4 ,0 ,0 ,0 ,0 ,0 
保湿霜,45 ,4 ,0 ,0 ,1 ,1 ,0 
保湿霜,36 ,4 ,0 ,0 ,0 ,0 ,0 
保湿霜,39 ,4 ,1 ,1 ,0 ,0 ,0 
保湿霜,32 ,4 ,1 ,1 ,1 ,1 ,1 
保湿霜,36 ,5 ,1 ,1 ,1 ,1 ,1 
保湿霜,28 ,5 ,0 ,0 ,0 ,0 ,0 
保湿霜,39 ,4 ,1 ,0 ,1 ,1 ,1 
保湿霜,190 ,0 ,0 ,0 ,0 ,0 ,0 
保湿霜,175 ,3 ,1 ,1 ,1 ,1 ,1 
保湿霜,39 ,4 ,1 ,1 ,1 ,1 ,1 
保湿霜,135 ,4 ,1 ,1 ,1 ,1 ,1 
保湿霜,122 ,4 ,1 ,1 ,1 ,1 ,1 
保湿霜,112 ,4 ,1 ,1 ,1 ,1 ,1 
保湿霜,35 ,4 ,0 ,0 ,0 ,0 ,0 
保湿霜,48 ,4 ,1 ,1 ,1 ,1 ,1 
保湿霜,28 ,4 ,1 ,0 ,1 ,1 ,1 
保湿霜,40 ,4 ,1 ,1 ,1 ,1 ,1 
保湿霜,40 ,4 ,0 ,1 ,0 ,0 ,1 
保湿霜,45 ,5 ,0 ,0 ,0 ,0 ,0 
保湿霜,48 ,4 ,1 ,1 ,1 ,1 ,1 
保湿霜,35 ,5 ,0 ,1 ,1 ,1 ,0 
保湿霜,88 ,5 ,0 ,1 ,0 ,0 ,1 
保湿霜,48 ,4 ,1 ,1 ,1 ,1 ,1 
保湿霜,34 ,5 ,1 ,1 ,1 ,1 ,1 
保湿霜,29 ,4 ,0 ,0 ,0 ,0 ,0 
保湿霜,48 ,4 ,1 ,0 ,1 ,1 ,1 
保湿霜,229 ,0 ,0 ,0 ,0 ,0 ,0 
保湿霜,85 ,4 ,1 ,1 ,1 ,1 ,1 
保湿霜,84 ,4 ,0 ,0 ,0 ,0 ,0 
保湿霜,58 ,5 ,1 ,1 ,1 ,0 ,1 
保湿霜,127 ,4 ,0 ,0 ,0 ,0 ,0 
保湿霜,45 ,4 ,0 ,1 ,1 ,0 ,0 
保湿霜,60 ,4 ,0 ,0 ,0 ,0 ,0 
保湿霜,30 ,4 ,0 ,0 ,0 ,0 ,0 
保湿霜,32 ,4 ,0 ,0 ,0 ,0 ,0 
保湿霜,47 ,5 ,1 ,1 ,1 ,1 ,1 
保湿霜,47 ,4 ,1 ,0 ,1 ,1 ,0 
保湿霜,42 ,4 ,1 ,0 ,1 ,1 ,1 
保湿霜,48 ,4 ,1 ,1 ,1 ,1 ,1 
保湿霜,44 ,5 ,0 ,0 ,0 ,0 ,0 
保湿霜,58 ,5 ,1 ,1 ,1 ,0 ,0 
保湿霜,44 ,5 ,1 ,1 ,1 ,0 ,1 
保湿霜,75 ,4 ,0 ,0 ,0 ,0 ,0 
保湿霜,38 ,5 ,1 ,1 ,1 ,1 ,1 
保湿霜,39 ,4 ,1 ,1 ,1 ,1 ,1 
保湿霜,32 ,4 ,1 ,1 ,1 ,1 ,1 
保湿霜,38 ,4 ,1 ,1 ,1 ,1 ,1 
保湿霜,82 ,5 ,1 ,1 ,1 ,1 ,1 
保湿霜,65 ,4 ,0 ,0 ,0 ,0 ,0 
保湿霜,95 ,4 ,1 ,1 ,1 ,1 ,1 
保湿霜,29 ,4 ,1 ,1 ,1 ,1 ,1 
保湿霜,52 ,4 ,1 ,1 ,1 ,1 ,1 
保湿霜,82 ,4 ,0 ,0 ,0 ,0 ,0 
保湿霜,42 ,4 ,1 ,1 ,1 ,1 ,0 
保湿霜,45 ,4 ,1 ,1 ,1 ,1 ,1 
保湿霜,68 ,4 ,1 ,1 ,1 ,1 ,1 
保湿霜,35 ,5 ,1 ,0 ,1 ,1 ,1 
保湿霜,225 ,4 ,1 ,1 ,1 ,1 ,1 
保湿霜,75 ,4 ,1 ,1 ,1 ,1 ,1 
保湿霜,48 ,5 ,1 ,1 ,1 ,1 ,1 
保湿霜,40 ,4 ,1 ,0 ,0 ,1 ,0 
保湿霜,34 ,4 ,1 ,0 ,0 ,1 ,0 
保湿霜,115 ,4 ,1 ,1 ,1 ,1 ,1 
保湿霜,29 ,4 ,1 ,0 ,1 ,0 ,0 
保湿霜,36 ,4 ,1 ,1 ,1 ,1 ,1 
保湿霜,56 ,4 ,1 ,1 ,1 ,1 ,0 
保湿霜,58 ,5 ,1 ,1 ,1 ,1 ,1 
保湿霜,24 ,4 ,1 ,1 ,1 ,1 ,1 
保湿霜,40 ,4 ,1 ,0 ,1 ,1 ,0 
保湿霜,50 ,4 ,1 ,1 ,1 ,1 ,0 
保湿霜,90 ,4 ,0 ,1 ,1 ,0 ,0 
保湿霜,60 ,5 ,1 ,1 ,1 ,0 ,1 
保湿霜,270 ,4 ,1 ,1 ,1 ,1 ,1 
保湿霜,39 ,4 ,1 ,0 ,0 ,1 ,0 
保湿霜,63 ,4 ,0 ,0 ,0 ,0 ,0 
保湿霜,76 ,4 ,1 ,1 ,1 ,1 ,1 
保湿霜,175 ,5 ,0 ,0 ,0 ,0 ,0 
保湿霜,63 ,4 ,1 ,1 ,1 ,1 ,1 
保湿霜,39 ,4 ,0 ,0 ,0 ,0 ,0 
保湿霜,28 ,4 ,1 ,1 ,1 ,1 ,1 
保湿霜,280 ,4 ,1 ,1 ,1 ,1 ,1 
保湿霜,57 ,4 ,1 ,0 ,1 ,1 ,0 
保湿霜,39 ,5 ,0 ,0 ,0 ,0 ,0 
保湿霜,48 ,4 ,0 ,0 ,0 ,0 ,0 
保湿霜,45 ,4 ,0 ,0 ,0 ,0 ,0 
保湿霜,45 ,4 ,1 ,1 ,1 ,1 ,0 
保湿霜,130 ,4 ,1 ,1 ,1 ,1 ,1 
保湿霜,69 ,5 ,0 ,0 ,0 ,0 ,0 
保湿霜,125 ,5 ,1 ,1 ,1 ,1 ,1 
保湿霜,52 ,5 ,0 ,0 ,0 ,0 ,0 
保湿霜,95 ,5 ,1 ,1 ,1 ,1 ,1 
保湿霜,88 ,4 ,1 ,1 ,1 ,1 ,1 
保湿霜,42 ,4 ,1 ,1 ,1 ,1 ,1 
保湿霜,110 ,4 ,0 ,0 ,0 ,0 ,0 
保湿霜,80 ,5 ,0 ,0 ,0 ,0 ,0 
保湿霜,65 ,4 ,1 ,0 ,1 ,1 ,0 
保湿霜,34 ,4 ,1 ,1 ,1 ,1 ,1 
保湿霜,94 ,4 ,0 ,0 ,0 ,0 ,0 
保湿霜,39 ,4 ,1 ,1 ,1 ,1 ,0 
保湿霜,140 ,4 ,1 ,1 ,1 ,1 ,1 
保湿霜,76 ,4 ,1 ,1 ,1 ,0 ,1 
保湿霜,92 ,4 ,1 ,1 ,1 ,1 ,0 
保湿霜,72 ,4 ,0 ,1 ,1 ,0 ,1 
保湿霜,54 ,4 ,1 ,1 ,1 ,1 ,1 
保湿霜,39 ,5 ,1 ,0 ,0 ,1 ,0 
保湿霜,39 ,5 ,1 ,1 ,1 ,1 ,1 
保湿霜,105 ,5 ,0 ,0 ,0 ,0 ,0 
保湿霜,4 ,4 ,0 ,0 ,0 ,0 ,0 
保湿霜,42 ,4 ,0 ,0 ,0 ,0 ,0 
保湿霜,48 ,4 ,1 ,1 ,0 ,1 ,1 
保湿霜,24 ,4 ,1 ,1 ,1 ,1 ,1 
保湿霜,108 ,4 ,0 ,0 ,0 ,0 ,0 
保湿霜,92 ,4 ,1 ,1 ,1 ,1 ,0 
保湿霜,55 ,4 ,1 ,1 ,1 ,1 ,1 
保湿霜,165 ,4 ,0 ,0 ,0 ,0 ,0 
保湿霜,39 ,4 ,1 ,1 ,1 ,1 ,1 
保湿霜,60 ,4 ,1 ,1 ,1 ,1 ,1 
保湿霜,35 ,4 ,1 ,1 ,1 ,1 ,1 
保湿霜,160 ,4 ,1 ,1 ,1 ,1 ,1 
保湿霜,49 ,4 ,0 ,0 ,0 ,0 ,0 
保湿霜,50 ,5 ,1 ,1 ,1 ,1 ,1 
保湿霜,90 ,4 ,1 ,1 ,1 ,1 ,1 
保湿霜,150 ,4 ,1 ,1 ,1 ,0 ,1 
保湿霜,145 ,4 ,0 ,0 ,0 ,0 ,0 
保湿霜,39 ,4 ,1 ,1 ,1 ,1 ,1 
保湿霜,36 ,4 ,1 ,0 ,1 ,0 ,1 
保湿霜,28 ,4 ,0 ,0 ,0 ,0 ,0 
保湿霜,49 ,4 ,1 ,1 ,1 ,1 ,1 
保湿霜,32 ,4 ,1 ,1 ,1 ,1 ,1 
保湿霜,48 ,4 ,0 ,0 ,0 ,0 ,0 
保湿霜,35 ,5 ,0 ,0 ,0 ,0 ,0 
保湿霜,29 ,4 ,1 ,1 ,1 ,1 ,1 
保湿霜,34 ,5 ,1 ,1 ,1 ,0 ,1 
保湿霜,75 ,4 ,1 ,1 ,1 ,0 ,0 
保湿霜,50 ,4 ,1 ,1 ,1 ,1 ,1 
保湿霜,28 ,4 ,0 ,0 ,0 ,0 ,0 
保湿霜,115 ,4 ,1 ,1 ,1 ,1 ,1 
保湿霜,39 ,4 ,1 ,1 ,1 ,1 ,1 
保湿霜,140 ,5 ,0 ,0 ,0 ,0 ,0 
保湿霜,95 ,4 ,1 ,1 ,1 ,1 ,0 
保湿霜,60 ,4 ,1 ,1 ,1 ,1 ,1 
保湿霜,115 ,5 ,1 ,1 ,1 ,1 ,1 
保湿霜,58 ,5 ,0 ,0 ,0 ,0 ,0 
保湿霜,60 ,5 ,1 ,1 ,1 ,1 ,1 
保湿霜,54 ,4 ,1 ,1 ,1 ,1 ,1 
保湿霜,27 ,4 ,0 ,0 ,0 ,0 ,0 
保湿霜,100 ,4 ,1 ,1 ,1 ,0 ,1 
保湿霜,64 ,5 ,0 ,0 ,1 ,0 ,1 
保湿霜,23 ,4 ,0 ,0 ,0 ,0 ,0 
保湿霜,48 ,5 ,0 ,1 ,1 ,0 ,1 
保湿霜,82 ,4 ,1 ,1 ,1 ,1 ,1 
保湿霜,25 ,4 ,0 ,0 ,0 ,0 ,0 
保湿霜,34 ,4 ,1 ,0 ,1 ,1 ,1 
保湿霜,67 ,4 ,1 ,1 ,1 ,1 ,0 
保湿霜,38 ,5 ,1 ,1 ,1 ,0 ,0 
保湿霜,40 ,4 ,1 ,1 ,1 ,1 ,0 
保湿霜,25 ,4 ,0 ,0 ,0 ,0 ,0 
保湿霜,49 ,4 ,1 ,0 ,1 ,1 ,0 
保湿霜,99 ,4 ,1 ,1 ,1 ,1 ,1 
保湿霜,30 ,4 ,1 ,1 ,1 ,1 ,1 
保湿霜,38 ,4 ,0 ,0 ,0 ,0 ,0 
保湿霜,60 ,4 ,1 ,1 ,1 ,1 ,1 
保湿霜,55 ,4 ,1 ,1 ,1 ,1 ,1 
保湿霜,65 ,5 ,1 ,1 ,1 ,1 ,0 
保湿霜,42 ,4 ,1 ,1 ,1 ,1 ,1 
保湿霜,85 ,4 ,1 ,1 ,1 ,1 ,0 
保湿霜,69 ,4 ,1 ,1 ,1 ,0 ,1 
保湿霜,26 ,4 ,0 ,0 ,0 ,0 ,0 
保湿霜,175 ,5 ,0 ,0 ,0 ,0 ,0 
保湿霜,69 ,4 ,0 ,0 ,0 ,0 ,0 
保湿霜,28 ,5 ,1 ,1 ,1 ,0 ,1 
保湿霜,110 ,3 ,0 ,1 ,0 ,0 ,0 
保湿霜,45 ,4 ,0 ,0 ,0 ,0 ,0 
保湿霜,36 ,4 ,1 ,1 ,1 ,1 ,1 
保湿霜,58 ,4 ,1 ,1 ,1 ,1 ,1 
保湿霜,88 ,5 ,1 ,1 ,1 ,1 ,1 
保湿霜,94 ,5 ,0 ,0 ,0 ,0 ,0 
保湿霜,140 ,5 ,1 ,1 ,1 ,1 ,1 
保湿霜,30 ,5 ,1 ,0 ,1 ,1 ,1 
保湿霜,48 ,5 ,1 ,1 ,1 ,1 ,1 
保湿霜,50 ,4 ,0 ,0 ,0 ,0 ,0 
保湿霜,54 ,4 ,0 ,0 ,0 ,0 ,0 
保湿霜,40 ,4 ,1 ,1 ,1 ,1 ,1 
保湿霜,85 ,5 ,0 ,0 ,0 ,0 ,0 
保湿霜,60 ,4 ,0 ,0 ,0 ,0 ,0 
保湿霜,48 ,4 ,0 ,0 ,0 ,0 ,0 
保湿霜,32 ,4 ,1 ,1 ,1 ,1 ,1 
保湿霜,48 ,4 ,1 ,1 ,1 ,1 ,1 
保湿霜,23 ,4 ,0 ,0 ,0 ,0 ,0 
保湿霜,39 ,0 ,1 ,1 ,0 ,0 ,0 
保湿霜,39 ,4 ,1 ,1 ,1 ,1 ,1 
保湿霜,150 ,5 ,0 ,0 ,0 ,0 ,0 
保湿霜,29 ,4 ,1 ,1 ,1 ,1 ,1 
保湿霜,95 ,4 ,1 ,1 ,1 ,1 ,1 
保湿霜,52 ,5 ,0 ,0 ,0 ,0 ,0 
保湿霜,44 ,4 ,0 ,0 ,0 ,0 ,0 
保湿霜,59 ,4 ,1 ,1 ,1 ,1 ,0 
保湿霜,95 ,4 ,1 ,1 ,1 ,1 ,1 
保湿霜,185 ,4 ,0 ,0 ,0 ,0 ,0 
保湿霜,29 ,5 ,0 ,1 ,1 ,0 ,0 
保湿霜,98 ,4 ,0 ,0 ,0 ,0 ,0 
保湿霜,62 ,5 ,1 ,1 ,1 ,0 ,0 
保湿霜,49 ,5 ,1 ,1 ,1 ,1 ,1 
保湿霜,270 ,4 ,0 ,0 ,1 ,1 ,0 
保湿霜,39 ,4 ,1 ,0 ,0 ,1 ,1 
保湿霜,136 ,5 ,0 ,0 ,0 ,0 ,0 
保湿霜,65 ,4 ,1 ,1 ,1 ,1 ,1 
保湿霜,34 ,5 ,1 ,1 ,1 ,1 ,1 
洁面乳,80 ,5 ,1 ,1 ,1 ,1 ,0 
洁面乳,90 ,4 ,1 ,1 ,1 ,1 ,0 
洁面乳,38 ,4 ,0 ,0 ,0 ,0 ,0 
洁面乳,34 ,5 ,1 ,1 ,1 ,1 ,1 
洁面乳,24 ,5 ,1 ,1 ,1 ,1 ,1 
洁面乳,26 ,5 ,0 ,0 ,0 ,0 ,0 
洁面乳,44 ,4 ,0 ,0 ,0 ,0 ,0 
洁面乳,65 ,4 ,1 ,1 ,1 ,1 ,1 
洁面乳,29 ,5 ,1 ,1 ,1 ,1 ,1 
洁面乳,35 ,4 ,0 ,0 ,0 ,0 ,0 
洁面乳,30 ,5 ,0 ,0 ,0 ,0 ,0 
洁面乳,7 ,5 ,0 ,0 ,0 ,0 ,0 
洁面乳,38 ,4 ,1 ,0 ,1 ,1 ,1 
洁面乳,20 ,4 ,1 ,1 ,1 ,1 ,1 
洁面乳,23 ,4 ,1 ,1 ,1 ,1 ,1 
洁面乳,10 ,5 ,0 ,0 ,0 ,0 ,0 
洁面乳,24 ,4 ,1 ,1 ,1 ,1 ,0 
洁面乳,95 ,4 ,0 ,0 ,0 ,0 ,0 
洁面乳,32 ,5 ,1 ,1 ,1 ,1 ,1 
洁面乳,34 ,4 ,1 ,0 ,1 ,1 ,1 
洁面乳,28 ,5 ,1 ,0 ,1 ,1 ,1 
洁面乳,26 ,4 ,1 ,1 ,1 ,1 ,1 
洁面乳,60 ,5 ,1 ,1 ,1 ,1 ,1 
洁面乳,19 ,5 ,0 ,0 ,0 ,0 ,0 
洁面乳,76 ,4 ,1 ,1 ,1 ,1 ,1 
洁面乳,62 ,5 ,0 ,0 ,0 ,0 ,0 
洁面乳,80 ,4 ,1 ,1 ,1 ,1 ,1 
洁面乳,38 ,5 ,0 ,0 ,0 ,0 ,0 
洁面乳,36 ,4 ,0 ,0 ,0 ,0 ,0 
洁面乳,30 ,4 ,1 ,1 ,1 ,1 ,1 
洁面乳,30 ,4 ,1 ,0 ,1 ,1 ,1 
洁面乳,28 ,5 ,1 ,1 ,1 ,1 ,1 
洁面乳,11 ,4 ,0 ,0 ,0 ,0 ,0 
洁面乳,29 ,5 ,1 ,1 ,1 ,1 ,1 
洁面乳,75 ,4 ,1 ,1 ,1 ,1 ,1 
洁面乳,79 ,5 ,1 ,1 ,1 ,1 ,0 
洁面乳,18 ,4 ,1 ,1 ,1 ,1 ,1 
洁面乳,42 ,4 ,1 ,1 ,1 ,1 ,0 
洁面乳,68 ,5 ,1 ,1 ,1 ,1 ,0 
洁面乳,28 ,4 ,1 ,1 ,1 ,1 ,1 
洁面乳,26 ,5 ,1 ,1 ,1 ,1 ,1 
洁面乳,39 ,5 ,0 ,0 ,0 ,0 ,0 
洁面乳,28 ,4 ,1 ,1 ,1 ,1 ,1 
洁面乳,20 ,5 ,1 ,1 ,1 ,1 ,1 
洁面乳,16 ,4 ,0 ,0 ,0 ,0 ,0 
洁面乳,16 ,5 ,1 ,1 ,1 ,1 ,1 
洁面乳,36 ,5 ,1 ,1 ,1 ,1 ,0 
洁面乳,18 ,5 ,1 ,1 ,1 ,1 ,0 
洁面乳,7 ,5 ,0 ,0 ,0 ,0 ,0 
洁面乳,38 ,5 ,0 ,0 ,0 ,0 ,0 
洁面乳,59 ,4 ,1 ,1 ,1 ,1 ,0 
洁面乳,35 ,4 ,1 ,1 ,1 ,1 ,0 
洁面乳,38 ,4 ,0 ,0 ,0 ,0 ,0 
洁面乳,28 ,4 ,1 ,0 ,1 ,1 ,1 
洁面乳,30 ,4 ,1 ,1 ,1 ,1 ,1 
洁面乳,20 ,4 ,0 ,0 ,0 ,0 ,0 
洁面乳,28 ,4 ,1 ,1 ,1 ,1 ,1 
洁面乳,95 ,4 ,1 ,1 ,1 ,1 ,1 
洁面乳,25 ,4 ,0 ,0 ,0 ,0 ,0 
洁面乳,38 ,4 ,1 ,0 ,1 ,1 ,0 
洁面乳,34 ,4 ,1 ,1 ,1 ,1 ,1 
洁面乳,38 ,5 ,1 ,1 ,1 ,1 ,1 
洁面乳,8 ,5 ,1 ,1 ,1 ,1 ,1 
洁面乳,50 ,5 ,1 ,0 ,1 ,1 ,0 
洁面乳,28 ,4 ,1 ,1 ,1 ,1 ,1 
洁面乳,21 ,4 ,1 ,1 ,1 ,1 ,0 
洁面乳,28 ,5 ,1 ,1 ,1 ,1 ,1 
洁面乳,58 ,0 ,0 ,0 ,0 ,0 ,0 
洁面乳,35 ,4 ,1 ,1 ,1 ,1 ,1 
洁面乳,75 ,5 ,1 ,0 ,1 ,0 ,0 
洁面乳,39 ,5 ,0 ,0 ,0 ,0 ,0 
洁面乳,23 ,5 ,1 ,1 ,1 ,1 ,1 
洁面乳,26 ,5 ,1 ,0 ,1 ,0 ,0 
洁面乳,30 ,4 ,0 ,0 ,0 ,0 ,0 
洁面乳,39 ,5 ,1 ,1 ,1 ,0 ,1 
洁面乳,22 ,5 ,1 ,0 ,0 ,1 ,0 
洁面乳,14 ,4 ,1 ,1 ,1 ,1 ,1 
洁面乳,28 ,5 ,1 ,1 ,1 ,1 ,0 
洁面乳,20 ,5 ,1 ,1 ,1 ,1 ,1 
洁面乳,28 ,5 ,1 ,0 ,0 ,1 ,0 
洁面乳,29 ,4 ,1 ,1 ,1 ,1 ,1 
洁面乳,34 ,4 ,1 ,1 ,1 ,1 ,1 
洁面乳,26 ,5 ,1 ,1 ,1 ,0 ,1 
洁面乳,32 ,5 ,0 ,0 ,0 ,0 ,0 
洁面乳,19 ,4 ,1 ,1 ,1 ,1 ,1 
洁面乳,59 ,4 ,1 ,1 ,1 ,1 ,0 
洁面乳,38 ,4 ,1 ,1 ,1 ,1 ,1 
洁面乳,32 ,4 ,1 ,1 ,1 ,1 ,1 
洁面乳,19 ,5 ,0 ,0 ,0 ,0 ,0 
洁面乳,17 ,4 ,1 ,1 ,1 ,1 ,0 
洁面乳,23 ,5 ,1 ,0 ,1 ,1 ,1 
洁面乳,25 ,0 ,0 ,0 ,0 ,0 ,0 
洁面乳,16 ,4 ,0 ,0 ,0 ,0 ,0 
洁面乳,28 ,5 ,1 ,1 ,1 ,1 ,1 
洁面乳,21 ,5 ,0 ,0 ,0 ,0 ,0 
洁面乳,28 ,5 ,0 ,0 ,0 ,0 ,0 
洁面乳,70 ,4 ,1 ,1 ,1 ,1 ,1 
洁面乳,32 ,4 ,1 ,1 ,1 ,1 ,1 
洁面乳,41 ,5 ,1 ,1 ,1 ,1 ,0 
洁面乳,38 ,5 ,1 ,1 ,1 ,1 ,1 
洁面乳,28 ,5 ,1 ,1 ,1 ,0 ,1 
洁面乳,26 ,5 ,0 ,0 ,0 ,0 ,0 
洁面乳,15 ,4 ,1 ,1 ,1 ,1 ,1 
洁面乳,38 ,5 ,1 ,1 ,1 ,1 ,0 
洁面乳,46 ,5 ,0 ,0 ,0 ,0 ,0 
洁面乳,18 ,5 ,0 ,0 ,0 ,0 ,0 
洁面乳,32 ,4 ,1 ,1 ,1 ,1 ,1 
洁面乳,25 ,5 ,0 ,0 ,0 ,0 ,0 
洁面乳,7 ,5 ,0 ,0 ,0 ,0 ,0 
洁面乳,35 ,5 ,1 ,1 ,1 ,1 ,1 
洁面乳,30 ,4 ,1 ,1 ,1 ,1 ,1 
洁面乳,32 ,4 ,1 ,0 ,1 ,1 ,0 
洁面乳,39 ,5 ,0 ,0 ,0 ,0 ,0 
洁面乳,24 ,5 ,1 ,1 ,1 ,1 ,1 
洁面乳,7 ,5 ,0 ,0 ,0 ,0 ,0 
洁面乳,95 ,4 ,0 ,0 ,0 ,0 ,0 
洁面乳,48 ,5 ,0 ,0 ,0 ,0 ,0 
洁面乳,25 ,5 ,1 ,0 ,0 ,1 ,0 
洁面乳,19 ,5 ,1 ,1 ,1 ,1 ,0 
洁面乳,55 ,5 ,1 ,1 ,1 ,1 ,1 
洁面乳,28 ,5 ,1 ,1 ,1 ,1 ,1 
洁面乳,7 ,5 ,0 ,0 ,0 ,0 ,0 
洁面乳,52 ,4 ,1 ,1 ,1 ,1 ,0 
洁面乳,32 ,5 ,0 ,0 ,0 ,0 ,0 
洁面乳,76 ,4 ,1 ,1 ,1 ,1 ,1 
洁面乳,16 ,5 ,0 ,0 ,0 ,0 ,0 
洁面乳,22 ,5 ,0 ,0 ,0 ,0 ,0 
洁面乳,48 ,4 ,0 ,0 ,0 ,0 ,0 
洁面乳,7 ,4 ,0 ,0 ,0 ,0 ,0 
洁面乳,33 ,5 ,0 ,0 ,0 ,0 ,0 
洁面乳,25 ,4 ,0 ,0 ,0 ,0 ,0 
洁面乳,22 ,5 ,0 ,0 ,0 ,0 ,0 
洁面乳,14 ,4 ,0 ,0 ,0 ,0 ,0 
洁面乳,45 ,5 ,0 ,0 ,0 ,0 ,0 
洁面乳,32 ,4 ,1 ,1 ,1 ,1 ,1 
洁面乳,24 ,4 ,1 ,1 ,1 ,1 ,1 
洁面乳,7 ,3 ,1 ,1 ,1 ,1 ,1 
洁面乳,28 ,4 ,1 ,1 ,1 ,1 ,1 
洁面乳,28 ,4 ,1 ,1 ,1 ,1 ,1 
洁面乳,19 ,4 ,0 ,0 ,0 ,0 ,0 
洁面乳,22 ,5 ,0 ,0 ,0 ,0 ,0 
洁面乳,38 ,4 ,1 ,1 ,1 ,1 ,1 
洁面乳,23 ,4 ,1 ,1 ,1 ,0 ,1 
洁面乳,42 ,5 ,0 ,0 ,0 ,0 ,0 
洁面乳,22 ,4 ,1 ,1 ,1 ,1 ,1 
洁面乳,58 ,4 ,1 ,0 ,1 ,1 ,0 
洁面乳,28 ,4 ,1 ,0 ,0 ,1 ,0 
洁面乳,60 ,5 ,0 ,0 ,0 ,0 ,0 
洁面乳,24 ,5 ,0 ,0 ,0 ,0 ,0 
洁面乳,12 ,5 ,1 ,1 ,1 ,1 ,1 
洁面乳,60 ,5 ,1 ,1 ,1 ,1 ,1 
洁面乳,23 ,4 ,0 ,0 ,0 ,0 ,0 
洁面乳,26 ,4 ,0 ,0 ,0 ,0 ,0 
洁面乳,12 ,5 ,1 ,0 ,1 ,1 ,0 
洁面乳,24 ,0 ,0 ,0 ,0 ,0 ,0 
洁面乳,25 ,5 ,0 ,0 ,0 ,0 ,0 
洁面乳,24 ,5 ,1 ,1 ,1 ,1 ,1 
洁面乳,7 ,4 ,1 ,1 ,1 ,1 ,1 
洁面乳,75 ,5 ,1 ,0 ,1 ,1 ,0 
洁面乳,7 ,4 ,1 ,1 ,1 ,1 ,1 
洁面乳,23 ,4 ,0 ,0 ,0 ,0 ,0 
洁面乳,55 ,4 ,1 ,0 ,1 ,1 ,1 
洁面乳,15 ,4 ,0 ,0 ,0 ,0 ,0 
洁面乳,28 ,5 ,1 ,1 ,1 ,1 ,1 
洁面乳,38 ,5 ,1 ,1 ,1 ,1 ,1 
洁面乳,75 ,4 ,1 ,1 ,1 ,1 ,1 
洁面乳,36 ,4 ,1 ,0 ,1 ,1 ,0 
洁面乳,17 ,4 ,0 ,0 ,0 ,0 ,0 
洁面乳,33 ,4 ,0 ,0 ,0 ,0 ,0 
洁面乳,7 ,4 ,0 ,0 ,0 ,0 ,0 
洁面乳,24 ,4 ,0 ,0 ,0 ,0 ,0 
洁面乳,23 ,4 ,0 ,0 ,0 ,0 ,0 
洁面乳,10 ,4 ,0 ,0 ,0 ,0 ,0 
洁面乳,50 ,4 ,0 ,0 ,0 ,0 ,0 
洁面乳,60 ,4 ,1 ,1 ,1 ,1 ,1 
洁面乳,26 ,4 ,0 ,0 ,0 ,0 ,0 
洁面乳,30 ,5 ,1 ,1 ,1 ,1 ,1 
洁面乳,16 ,4 ,0 ,1 ,0 ,0 ,1 
洁面乳,18 ,4 ,1 ,1 ,1 ,1 ,1 
洁面乳,26 ,5 ,1 ,1 ,1 ,1 ,1 
洁面乳,28 ,4 ,0 ,0 ,0 ,1 ,1 
洁面乳,40 ,4 ,1 ,1 ,1 ,1 ,1 
洁面乳,26 ,4 ,1 ,1 ,1 ,1 ,1 
洁面乳,24 ,4 ,1 ,1 ,1 ,1 ,1 
洁面乳,38 ,4 ,1 ,1 ,1 ,1 ,1 
洁面乳,29 ,4 ,1 ,1 ,1 ,1 ,1 
洁面乳,30 ,5 ,1 ,1 ,1 ,1 ,0 
洁面乳,28 ,4 ,0 ,0 ,0 ,0 ,0 
洁面乳,30 ,4 ,0 ,0 ,0 ,0 ,0 
洁面乳,38 ,4 ,1 ,1 ,1 ,1 ,1 
洁面乳,39 ,5 ,0 ,0 ,0 ,0 ,0 
洁面乳,32 ,4 ,1 ,0 ,1 ,1 ,0 
洁面乳,30 ,5 ,1 ,1 ,1 ,1 ,1 
洁面乳,38 ,4 ,0 ,0 ,0 ,0 ,0 
洁面乳,7 ,5 ,0 ,0 ,0 ,0 ,0 
洁面乳,15 ,3 ,0 ,0 ,0 ,0 ,0 
洁面乳,8 ,5 ,1 ,0 ,0 ,1 ,0 
洁面乳,34 ,5 ,1 ,1 ,1 ,1 ,1 
洁面乳,42 ,4 ,1 ,1 ,1 ,1 ,0 
洁面乳,28 ,4 ,1 ,1 ,1 ,1 ,1 
洁面乳,4 ,5 ,0 ,0 ,0 ,0 ,0 
洁面乳,34 ,5 ,1 ,1 ,1 ,1 ,1 
洁面乳,8 ,4 ,0 ,0 ,0 ,0 ,0 
洁面乳,45 ,4 ,1 ,1 ,1 ,1 ,1 
洁面乳,95 ,4 ,1 ,1 ,1 ,1 ,1 
洁面乳,30 ,4 ,0 ,0 ,0 ,0 ,0 
洁面乳,9 ,4 ,1 ,1 ,1 ,1 ,0 
洁面乳,16 ,5 ,0 ,0 ,0 ,0 ,0 
洁面乳,38 ,4 ,1 ,1 ,1 ,1 ,1 
洁面乳,30 ,4 ,1 ,1 ,1 ,1 ,1 
洁面乳,73 ,4 ,0 ,0 ,0 ,0 ,0 
洁面乳,24 ,4 ,0 ,0 ,0 ,0 ,0 
洁面乳,70 ,5 ,1 ,1 ,1 ,1 ,1 
洁面乳,55 ,4 ,1 ,1 ,1 ,1 ,1 
洁面乳,33 ,5 ,0 ,0 ,0 ,0 ,0 
洁面乳,26 ,4 ,0 ,0 ,0 ,0 ,0 
洁面乳,38 ,5 ,0 ,0 ,0 ,0 ,0 
洁面乳,42 ,5 ,1 ,1 ,1 ,1 ,1 
洁面乳,26 ,4 ,1 ,1 ,1 ,1 ,1 
洁面乳,26 ,4 ,0 ,0 ,0 ,0 ,0 
洁面乳,29 ,4 ,1 ,1 ,1 ,1 ,1 
洁面乳,8 ,5 ,0 ,0 ,0 ,0 ,0 
洁面乳,34 ,5 ,0 ,0 ,0 ,0 ,0 
洁面乳,9 ,3 ,0 ,0 ,0 ,0 ,0 
洁面乳,42 ,4 ,0 ,0 ,0 ,0 ,0 
洁面乳,22 ,4 ,0 ,0 ,0 ,0 ,0 
洁面乳,39 ,5 ,0 ,0 ,0 ,0 ,0 
洁面乳,39 ,4 ,1 ,1 ,1 ,1 ,1 
洁面乳,20 ,5 ,1 ,1 ,1 ,1 ,1 
洁面乳,22 ,5 ,1 ,1 ,1 ,1 ,1 
洁面乳,21 ,4 ,0 ,0 ,0 ,0 ,0 
洁面乳,26 ,4 ,0 ,0 ,0 ,0 ,0 
洁面乳,16 ,5 ,0 ,0 ,0 ,0 ,0 
洁面乳,55 ,0 ,1 ,1 ,1 ,1 ,0 
洁面乳,30 ,5 ,0 ,0 ,0 ,0 ,0 
洁面乳,24 ,4 ,1 ,1 ,1 ,1 ,1 
洁面乳,23 ,0 ,0 ,0 ,0 ,0 ,0 
洁面乳,55 ,4 ,1 ,0 ,1 ,0 ,0 
洁面乳,38 ,4 ,0 ,0 ,0 ,0 ,0 
洁面乳,28 ,5 ,0 ,0 ,0 ,0 ,0 
洁面乳,27 ,4 ,1 ,1 ,1 ,1 ,1 
洁面乳,35 ,4 ,1 ,1 ,1 ,1 ,1 
洁面乳,35 ,5 ,1 ,1 ,1 ,1 ,1 
洁面乳,45 ,5 ,1 ,1 ,1 ,1 ,1 
洁面乳,59 ,4 ,1 ,1 ,1 ,1 ,0 
洁面乳,25 ,4 ,1 ,1 ,1 ,1 ,1 
洁面乳,29 ,5 ,1 ,1 ,1 ,1 ,0 
洁面乳,95 ,5 ,0 ,0 ,0 ,0 ,0 
洁面乳,36 ,4 ,0 ,0 ,0 ,0 ,0 
洁面乳,38 ,4 ,0 ,0 ,0 ,0 ,0 
洁面乳,25 ,4 ,0 ,0 ,0 ,0 ,0 
洁面乳,12 ,5 ,0 ,0 ,0 ,0 ,0 
洁面乳,15 ,4 ,0 ,1 ,0 ,0 ,1 
洁面乳,78 ,4 ,1 ,1 ,1 ,1 ,1 
洁面乳,20 ,4 ,1 ,0 ,1 ,1 ,0 
洁面乳,27 ,4 ,1 ,1 ,1 ,1 ,0 
洁面乳,32 ,4 ,1 ,1 ,1 ,1 ,1 
洁面乳,24 ,5 ,0 ,1 ,1 ,0 ,1 
洁面乳,36 ,5 ,0 ,1 ,0 ,0 ,0 
洁面乳,35 ,4 ,0 ,0 ,0 ,0 ,0 
洁面乳,42 ,5 ,1 ,1 ,1 ,1 ,1 
洁面乳,26 ,5 ,0 ,0 ,0 ,0 ,0 
洁面乳,16 ,4 ,0 ,0 ,0 ,0 ,0 
洁面乳,19 ,4 ,0 ,0 ,0 ,0 ,0 
洁面乳,38 ,4 ,1 ,1 ,1 ,1 ,1 
洁面乳,28 ,5 ,1 ,1 ,1 ,1 ,1 
洁面乳,33 ,5 ,0 ,0 ,0 ,0 ,0 
洁面乳,29 ,5 ,1 ,1 ,1 ,1 ,1 
洁面乳,32 ,4 ,1 ,1 ,1 ,1 ,1 
洁面乳,39 ,4 ,0 ,0 ,0 ,0 ,0 
洁面乳,22 ,4 ,1 ,0 ,0 ,1 ,0 
洁面乳,7 ,5 ,0 ,0 ,0 ,0 ,0 
洁面乳,55 ,5 ,1 ,1 ,1 ,1 ,1 
洁面乳,28 ,4 ,1 ,1 ,1 ,1 ,1 
洁面乳,7 ,5 ,0 ,0 ,0 ,0 ,0 
洁面乳,19 ,5 ,1 ,1 ,1 ,1 ,1 
洁面乳,16 ,4 ,0 ,0 ,0 ,0 ,0 
洁面乳,15 ,4 ,0 ,0 ,0 ,0 ,0 
洁面乳,25 ,4 ,0 ,0 ,0 ,0 ,0 
洁面乳,32 ,5 ,0 ,0 ,0 ,0 ,0 
洁面乳,36 ,4 ,0 ,0 ,0 ,0 ,0 
面霜,80 ,4 ,1 ,1 ,1 ,1 ,0 
面霜,158 ,4 ,1 ,1 ,1 ,1 ,0 
面霜,98 ,4 ,1 ,1 ,1 ,1 ,1 
面霜,48 ,4 ,1 ,1 ,1 ,1 ,1 
面霜,178 ,2 ,0 ,0 ,0 ,0 ,0 
面霜,88 ,5 ,1 ,1 ,1 ,1 ,0 
面霜,105 ,5 ,1 ,1 ,1 ,1 ,1 
面霜,50 ,4 ,1 ,1 ,1 ,1 ,1 
面霜,370 ,4 ,0 ,0 ,0 ,0 ,0 
面霜,100 ,4 ,1 ,1 ,1 ,1 ,1 
面霜,59 ,4 ,1 ,0 ,1 ,1 ,0 
面霜,52 ,4 ,1 ,1 ,1 ,1 ,0 
面霜,88 ,5 ,1 ,1 ,1 ,1 ,0 
面霜,128 ,4 ,1 ,1 ,1 ,1 ,0 
面霜,28 ,4 ,1 ,1 ,1 ,1 ,1 
面霜,49 ,4 ,1 ,0 ,1 ,1 ,1 
面霜,54 ,4 ,0 ,0 ,0 ,0 ,0 
面霜,85 ,4 ,1 ,1 ,1 ,1 ,1 
面霜,23 ,4 ,1 ,1 ,1 ,1 ,1 
面霜,79 ,4 ,1 ,1 ,1 ,1 ,1 
面霜,62 ,4 ,1 ,1 ,1 ,1 ,0 
面霜,89 ,4 ,1 ,1 ,1 ,1 ,1 
面霜,345 ,4 ,1 ,1 ,1 ,1 ,1 
面霜,48 ,5 ,1 ,0 ,1 ,1 ,0 
面霜,115 ,4 ,1 ,1 ,1 ,1 ,1 
面霜,19 ,4 ,1 ,1 ,1 ,1 ,1 
面霜,95 ,4 ,1 ,1 ,1 ,1 ,1 
面霜,30 ,4 ,1 ,1 ,1 ,1 ,1 
面霜,88 ,4 ,1 ,1 ,1 ,0 ,1 
面霜,69 ,4 ,1 ,1 ,1 ,1 ,0 
面霜,36 ,5 ,1 ,1 ,1 ,1 ,0 
面霜,49 ,5 ,1 ,1 ,1 ,0 ,1 
面霜,42 ,4 ,1 ,1 ,1 ,1 ,1 
面霜,98 ,4 ,0 ,0 ,0 ,0 ,0 
面霜,205 ,4 ,1 ,1 ,1 ,1 ,1 
面霜,46 ,4 ,1 ,1 ,1 ,1 ,1 
面霜,26 ,4 ,1 ,1 ,1 ,1 ,0 
面霜,82 ,5 ,1 ,1 ,1 ,1 ,0 
面霜,95 ,4 ,1 ,1 ,1 ,1 ,1 
面霜,160 ,5 ,1 ,1 ,1 ,1 ,1 
面霜,150 ,4 ,1 ,1 ,1 ,1 ,1 
面霜,40 ,4 ,1 ,0 ,1 ,1 ,0 
面霜,58 ,4 ,1 ,1 ,1 ,1 ,0 
面霜,34 ,5 ,1 ,1 ,1 ,1 ,1 
面霜,38 ,4 ,1 ,1 ,1 ,1 ,1 
面霜,59 ,4 ,1 ,1 ,1 ,1 ,0 
面霜,58 ,4 ,0 ,0 ,0 ,0 ,0 
面霜,65 ,4 ,0 ,0 ,0 ,0 ,0 
面霜,78 ,4 ,1 ,1 ,1 ,1 ,1 
面霜,48 ,5 ,1 ,1 ,1 ,1 ,1 
面霜,195 ,4 ,1 ,1 ,1 ,1 ,1 
面霜,59 ,5 ,0 ,0 ,0 ,0 ,0 
面霜,60 ,4 ,1 ,1 ,1 ,1 ,1 
面霜,100 ,5 ,1 ,1 ,1 ,0 ,0 
面霜,38 ,4 ,0 ,0 ,0 ,0 ,0 
面霜,132 ,3 ,1 ,1 ,1 ,1 ,0 
面霜,48 ,4 ,0 ,0 ,0 ,0 ,0 
面霜,245 ,5 ,1 ,1 ,1 ,1 ,1 
面霜,75 ,4 ,1 ,1 ,1 ,1 ,1 
面霜,39 ,5 ,1 ,1 ,1 ,1 ,1 
面霜,18 ,4 ,1 ,1 ,1 ,1 ,1 
面霜,65 ,4 ,1 ,1 ,1 ,1 ,0 
面霜,27 ,5 ,1 ,1 ,1 ,1 ,1 
面霜,49 ,5 ,1 ,1 ,1 ,1 ,0 
面霜,116 ,4 ,1 ,1 ,1 ,1 ,1 
面霜,62 ,4 ,1 ,1 ,1 ,1 ,0 
面霜,88 ,4 ,1 ,1 ,1 ,1 ,1 
面霜,52 ,4 ,1 ,1 ,1 ,1 ,1 
面霜,45 ,5 ,0 ,0 ,0 ,0 ,0 
面霜,69 ,5 ,1 ,1 ,1 ,1 ,1 
面霜,88 ,4 ,0 ,0 ,0 ,0 ,1 
面霜,28 ,4 ,1 ,1 ,1 ,1 ,1 
面霜,48 ,4 ,1 ,1 ,1 ,1 ,1 
面霜,72 ,5 ,0 ,0 ,0 ,0 ,0 
面霜,56 ,4 ,1 ,1 ,0 ,0 ,1 
面霜,55 ,4 ,1 ,1 ,1 ,1 ,1 
面霜,150 ,4 ,1 ,1 ,1 ,1 ,1 
面霜,150 ,4 ,0 ,0 ,0 ,0 ,0 
面霜,25 ,4 ,0 ,0 ,0 ,0 ,0 
面霜,27 ,4 ,1 ,1 ,1 ,1 ,0 
面霜,46 ,4 ,1 ,1 ,1 ,1 ,1 
面霜,95 ,4 ,0 ,0 ,0 ,0 ,0 
面霜,75 ,4 ,1 ,1 ,1 ,1 ,1 
面霜,98 ,5 ,1 ,1 ,1 ,0 ,0 
面霜,128 ,5 ,1 ,1 ,1 ,1 ,1 
面霜,22 ,4 ,1 ,0 ,0 ,1 ,0 
面霜,290 ,5 ,1 ,1 ,1 ,1 ,1 
面霜,110 ,4 ,1 ,1 ,1 ,1 ,1 
面霜,64 ,5 ,1 ,1 ,1 ,1 ,0 
面霜,80 ,3 ,1 ,1 ,1 ,1 ,1 
面霜,275 ,5 ,1 ,1 ,1 ,0 ,0 
面霜,149 ,4 ,1 ,1 ,1 ,1 ,1 
面霜,95 ,5 ,1 ,0 ,1 ,0 ,0 
面霜,48 ,4 ,0 ,0 ,0 ,0 ,0 
面霜,88 ,4 ,1 ,1 ,1 ,1 ,1 
面霜,82 ,4 ,1 ,1 ,1 ,1 ,1 
面霜,70 ,4 ,1 ,1 ,1 ,1 ,1 
面霜,58 ,4 ,1 ,1 ,1 ,1 ,1 
面霜,68 ,5 ,1 ,1 ,1 ,1 ,0 
面霜,42 ,4 ,1 ,0 ,1 ,1 ,0 
面霜,78 ,5 ,1 ,1 ,1 ,1 ,1 
面霜,19 ,4 ,1 ,1 ,1 ,1 ,1 
面霜,65 ,4 ,1 ,1 ,1 ,1 ,1 
面霜,62 ,5 ,1 ,1 ,1 ,1 ,1 
面霜,89 ,5 ,1 ,1 ,1 ,1 ,1 
面霜,58 ,5 ,1 ,1 ,1 ,1 ,1 
面霜,62 ,5 ,1 ,1 ,1 ,1 ,1 
面霜,81 ,4 ,1 ,1 ,1 ,1 ,0 
面霜,89 ,3 ,1 ,1 ,1 ,1 ,0 
面霜,62 ,5 ,1 ,1 ,1 ,1 ,0 
面霜,78 ,4 ,1 ,1 ,1 ,1 ,1 
面霜,42 ,4 ,1 ,1 ,1 ,1 ,1 
面霜,38 ,4 ,0 ,0 ,0 ,0 ,0 
面霜,62 ,4 ,1 ,1 ,1 ,1 ,1 
面霜,98 ,4 ,1 ,1 ,1 ,1 ,0 
面霜,86 ,4 ,0 ,0 ,0 ,0 ,0 
面霜,19 ,4 ,1 ,1 ,1 ,1 ,1 
面霜,60 ,4 ,1 ,1 ,1 ,1 ,1 
面霜,39 ,5 ,0 ,0 ,0 ,0 ,0 
面霜,149 ,4 ,1 ,1 ,1 ,1 ,1 
面霜,100 ,4 ,1 ,1 ,1 ,1 ,1 
面霜,50 ,5 ,1 ,1 ,1 ,1 ,1 
面霜,169 ,4 ,1 ,1 ,1 ,1 ,1 
面霜,75 ,5 ,1 ,1 ,1 ,1 ,1 
面霜,35 ,4 ,1 ,1 ,1 ,1 ,1 
面霜,38 ,4 ,1 ,0 ,0 ,1 ,0 
面霜,49 ,4 ,0 ,0 ,0 ,0 ,0 
面霜,48 ,4 ,1 ,1 ,1 ,1 ,1 
面霜,60 ,4 ,1 ,1 ,1 ,1 ,0 
面霜,275 ,5 ,1 ,1 ,1 ,0 ,0 
面霜,56 ,4 ,1 ,1 ,1 ,1 ,1 
面霜,118 ,4 ,1 ,1 ,1 ,1 ,1 
面霜,75 ,4 ,0 ,0 ,0 ,0 ,0 
面霜,36 ,4 ,1 ,1 ,1 ,1 ,1 
面霜,58 ,4 ,1 ,1 ,1 ,1 ,1 
面霜,68 ,4 ,0 ,0 ,0 ,0 ,0 
面霜,100 ,4 ,1 ,1 ,1 ,0 ,1 
面霜,88 ,4 ,1 ,1 ,1 ,1 ,0 
面霜,54 ,4 ,1 ,1 ,1 ,1 ,1 
面霜,59 ,5 ,1 ,1 ,1 ,1 ,1 
面霜,41 ,4 ,0 ,0 ,0 ,0 ,0 
面霜,44 ,5 ,1 ,1 ,1 ,1 ,0 
面霜,30 ,4 ,1 ,1 ,1 ,1 ,1 
面霜,29 ,3 ,1 ,0 ,0 ,1 ,0 
面霜,55 ,5 ,1 ,1 ,1 ,1 ,1 
面霜,95 ,5 ,0 ,1 ,1 ,0 ,0 
面霜,39 ,4 ,1 ,0 ,1 ,1 ,1 
面霜,95 ,4 ,0 ,1 ,1 ,0 ,0 
面霜,38 ,4 ,1 ,1 ,1 ,1 ,1 
面霜,44 ,4 ,1 ,0 ,1 ,1 ,1 
面霜,40 ,5 ,1 ,1 ,1 ,1 ,1 
面霜,47 ,5 ,1 ,0 ,1 ,1 ,0 
面霜,98 ,4 ,0 ,0 ,0 ,0 ,0 
面霜,90 ,4 ,1 ,1 ,1 ,1 ,1 
面霜,42 ,4 ,1 ,1 ,1 ,1 ,1 
面霜,160 ,4 ,1 ,1 ,1 ,1 ,1 
面霜,88 ,4 ,1 ,1 ,1 ,1 ,0 
面霜,45 ,4 ,1 ,1 ,1 ,1 ,1 
面霜,68 ,4 ,0 ,0 ,0 ,0 ,0 
面霜,92 ,4 ,0 ,0 ,0 ,0 ,0 
面霜,55 ,4 ,1 ,1 ,1 ,1 ,1 
面霜,42 ,4 ,1 ,1 ,1 ,1 ,1 
面霜,90 ,4 ,0 ,0 ,0 ,0 ,0 
面霜,150 ,4 ,0 ,0 ,0 ,0 ,0 
面霜,58 ,5 ,1 ,1 ,1 ,1 ,1 
面霜,65 ,4 ,0 ,0 ,0 ,0 ,0 
面霜,56 ,4 ,1 ,1 ,1 ,1 ,1 
面霜,50 ,4 ,0 ,0 ,0 ,0 ,0 
面霜,28 ,4 ,0 ,0 ,0 ,0 ,0 
面霜,179 ,5 ,1 ,1 ,1 ,1 ,1 
面霜,73 ,5 ,1 ,0 ,1 ,1 ,0 
面霜,42 ,4 ,0 ,0 ,0 ,0 ,0 
面霜,52 ,4 ,0 ,0 ,0 ,0 ,0 
面霜,54 ,0 ,0 ,0 ,0 ,0 ,0 
面霜,98 ,4 ,0 ,0 ,0 ,0 ,0 
面霜,40 ,4 ,0 ,0 ,0 ,0 ,0 
面霜,59 ,5 ,1 ,1 ,1 ,1 ,1 
面霜,60 ,4 ,1 ,1 ,1 ,1 ,1 
面霜,18 ,4 ,1 ,0 ,0 ,1 ,0 
面霜,59 ,4 ,1 ,1 ,1 ,1 ,1 
面霜,50 ,4 ,1 ,0 ,0 ,1 ,0 
面霜,39 ,4 ,1 ,1 ,1 ,1 ,1 
面霜,98 ,4 ,1 ,1 ,1 ,1 ,1 
面霜,48 ,4 ,1 ,1 ,1 ,1 ,1 
面霜,60 ,5 ,1 ,1 ,1 ,1 ,1 
面霜,42 ,4 ,1 ,0 ,0 ,1 ,0 
面霜,58 ,4 ,1 ,1 ,1 ,1 ,0 
面霜,125 ,5 ,1 ,1 ,1 ,0 ,0 
面霜,58 ,5 ,1 ,0 ,1 ,0 ,0 
面霜,61 ,4 ,0 ,0 ,0 ,0 ,0 
面霜,90 ,5 ,1 ,1 ,1 ,1 ,0 
面霜,30 ,4 ,1 ,1 ,1 ,1 ,1 
面霜,90 ,5 ,1 ,1 ,1 ,1 ,1 
面霜,145 ,5 ,1 ,1 ,1 ,1 ,1 
面霜,84 ,4 ,0 ,0 ,0 ,0 ,0 
面霜,69 ,4 ,1 ,1 ,1 ,1 ,0 
面霜,84 ,4 ,0 ,0 ,0 ,0 ,0 
面霜,140 ,5 ,1 ,1 ,1 ,1 ,1 
面霜,95 ,4 ,1 ,1 ,1 ,1 ,0 
面霜,46 ,5 ,0 ,0 ,0 ,0 ,0 
面霜,69 ,4 ,0 ,0 ,0 ,0 ,0 
面霜,75 ,4 ,1 ,1 ,1 ,1 ,0 
面霜,95 ,4 ,0 ,0 ,0 ,0 ,0 
面霜,58 ,4 ,0 ,0 ,0 ,0 ,0 
面霜,45 ,4 ,0 ,0 ,0 ,0 ,0 
面霜,85 ,4 ,0 ,0 ,0 ,0 ,0 
面霜,75 ,5 ,1 ,1 ,1 ,1 ,0 
面霜,95 ,4 ,1 ,1 ,1 ,1 ,1 
面霜,98 ,4 ,1 ,1 ,1 ,1 ,1 
面霜,99 ,4 ,0 ,0 ,0 ,0 ,0 
面霜,30 ,4 ,0 ,0 ,0 ,0 ,0 
面霜,300 ,4 ,1 ,1 ,1 ,1 ,1 
面霜,90 ,4 ,0 ,0 ,0 ,0 ,0 
面霜,82 ,4 ,1 ,1 ,1 ,1 ,1 
面霜,48 ,4 ,0 ,0 ,0 ,0 ,0 
面霜,38 ,5 ,0 ,0 ,0 ,0 ,0 
面霜,55 ,4 ,1 ,1 ,1 ,1 ,1 
面霜,76 ,4 ,1 ,1 ,1 ,1 ,1 
面霜,100 ,5 ,1 ,1 ,1 ,1 ,0 
面霜,35 ,5 ,1 ,1 ,1 ,1 ,1 
面霜,42 ,5 ,1 ,1 ,1 ,1 ,1 
面霜,95 ,5 ,1 ,1 ,1 ,1 ,1 
面霜,78 ,5 ,0 ,0 ,0 ,0 ,0 
面霜,99 ,4 ,1 ,1 ,1 ,1 ,1 
面霜,78 ,5 ,1 ,1 ,1 ,1 ,0 
面霜,42 ,4 ,0 ,0 ,0 ,0 ,0 
面霜,24 ,4 ,0 ,0 ,0 ,0 ,0 
面霜,36 ,4 ,1 ,1 ,1 ,1 ,1 
面霜,55 ,5 ,0 ,0 ,0 ,0 ,0 
面霜,85 ,5 ,0 ,0 ,0 ,0 ,0 
面霜,69 ,4 ,1 ,1 ,1 ,1 ,0 
面霜,38 ,4 ,0 ,0 ,0 ,0 ,0 
面霜,240 ,5 ,1 ,1 ,1 ,1 ,1 
面霜,54 ,4 ,0 ,0 ,0 ,0 ,0 
面霜,69 ,5 ,0 ,0 ,0 ,0 ,0 
面霜,98 ,4 ,0 ,0 ,0 ,0 ,0 
面霜,150 ,4 ,0 ,0 ,0 ,0 ,0 
面霜,74 ,4 ,0 ,0 ,0 ,0 ,0 
面霜,18 ,4 ,0 ,0 ,0 ,0 ,0 
面霜,265 ,4 ,1 ,1 ,1 ,1 ,1 
面霜,56 ,4 ,0 ,0 ,0 ,0 ,0 
面霜,32 ,5 ,0 ,0 ,0 ,0 ,0 
面霜,23 ,4 ,0 ,0 ,0 ,0 ,0 
面霜,152 ,4 ,0 ,0 ,0 ,0 ,0 
面霜,125 ,5 ,0 ,0 ,0 ,0 ,0 
面霜,18 ,4 ,0 ,0 ,0 ,0 ,0 
面霜,99 ,4 ,0 ,0 ,0 ,0 ,0 
面霜,96 ,4 ,1 ,1 ,1 ,1 ,1 
面膜,75 ,5 ,1 ,1 ,1 ,1 ,1 
面膜,135 ,4 ,1 ,1 ,1 ,1 ,1 
面膜,36 ,5 ,1 ,1 ,1 ,1 ,1 
面膜,25 ,5 ,1 ,1 ,1 ,1 ,1 
面膜,48 ,4 ,1 ,1 ,1 ,1 ,1 
面膜,56 ,4 ,1 ,1 ,1 ,1 ,1 
面膜,20 ,5 ,0 ,0 ,0 ,0 ,0 
面膜,62 ,4 ,0 ,0 ,0 ,0 ,0 
面膜,33 ,5 ,0 ,0 ,0 ,0 ,0 
面膜,92 ,4 ,0 ,0 ,0 ,0 ,0 
面膜,44 ,5 ,1 ,1 ,1 ,1 ,0 
面膜,6 ,4 ,1 ,1 ,1 ,1 ,1 
面膜,28 ,4 ,1 ,1 ,1 ,1 ,0 
面膜,250 ,5 ,0 ,0 ,0 ,0 ,0 
面膜,49 ,5 ,1 ,1 ,1 ,1 ,0 
面膜,7 ,4 ,1 ,1 ,1 ,1 ,1 
面膜,28 ,4 ,1 ,1 ,1 ,1 ,1 
面膜,28 ,5 ,0 ,0 ,0 ,0 ,0 
面膜,75 ,4 ,1 ,1 ,1 ,1 ,1 
面膜,68 ,4 ,1 ,1 ,1 ,1 ,1 
面膜,34 ,4 ,1 ,1 ,1 ,1 ,1 
面膜,18 ,5 ,1 ,1 ,1 ,1 ,0 
面膜,80 ,4 ,0 ,0 ,0 ,0 ,0 
面膜,48 ,5 ,1 ,1 ,1 ,1 ,1 
面膜,58 ,5 ,1 ,1 ,1 ,1 ,0 
面膜,105 ,4 ,1 ,1 ,1 ,1 ,1 
面膜,22 ,4 ,1 ,1 ,1 ,1 ,1 
面膜,12 ,4 ,1 ,1 ,1 ,1 ,1 
面膜,62 ,5 ,0 ,0 ,0 ,0 ,0 
面膜,35 ,4 ,1 ,1 ,1 ,0 ,0 
面膜,28 ,5 ,1 ,0 ,1 ,1 ,0 
面膜,28 ,5 ,1 ,1 ,1 ,1 ,0 
面膜,38 ,5 ,1 ,1 ,1 ,1 ,1 
面膜,56 ,4 ,1 ,1 ,1 ,1 ,0 
面膜,45 ,4 ,1 ,1 ,1 ,1 ,1 
面膜,28 ,4 ,0 ,0 ,0 ,0 ,0 
面膜,39 ,5 ,1 ,1 ,1 ,1 ,1 
面膜,169 ,0 ,1 ,1 ,1 ,1 ,1 
面膜,34 ,5 ,1 ,1 ,1 ,1 ,0 
面膜,5 ,4 ,0 ,0 ,0 ,0 ,0 
面膜,62 ,4 ,1 ,1 ,1 ,1 ,1 
面膜,70 ,4 ,0 ,0 ,0 ,0 ,0 
面膜,5 ,4 ,0 ,0 ,0 ,0 ,0 
面膜,170 ,5 ,1 ,1 ,1 ,1 ,1 
面膜,250 ,4 ,0 ,0 ,0 ,0 ,0 
面膜,6 ,4 ,0 ,0 ,0 ,0 ,0 
面膜,85 ,4 ,1 ,1 ,1 ,1 ,1 
面膜,35 ,5 ,0 ,0 ,0 ,0 ,0 
面膜,36 ,5 ,1 ,1 ,1 ,1 ,1 
面膜,39 ,4 ,1 ,1 ,1 ,1 ,1 
面膜,150 ,4 ,1 ,1 ,1 ,1 ,1 
面膜,7 ,5 ,1 ,1 ,1 ,1 ,1 
面膜,12 ,4 ,1 ,1 ,1 ,0 ,1 
面膜,88 ,4 ,1 ,1 ,1 ,1 ,0 
面膜,6 ,5 ,1 ,1 ,1 ,1 ,1 
面膜,6 ,5 ,0 ,0 ,0 ,0 ,0 
面膜,15 ,5 ,1 ,1 ,1 ,1 ,1 
面膜,35 ,5 ,1 ,1 ,1 ,1 ,1 
面膜,24 ,4 ,1 ,1 ,1 ,0 ,1 
面膜,6 ,5 ,1 ,1 ,1 ,1 ,1 
面膜,8 ,4 ,1 ,1 ,1 ,1 ,1 
面膜,72 ,4 ,0 ,0 ,0 ,0 ,0 
面膜,6 ,4 ,0 ,0 ,0 ,0 ,0 
面膜,20 ,5 ,0 ,0 ,0 ,0 ,0 
面膜,65 ,4 ,0 ,0 ,0 ,0 ,0 
面膜,24 ,4 ,1 ,1 ,1 ,1 ,1 
面膜,38 ,5 ,0 ,0 ,0 ,0 ,1 
面膜,8 ,4 ,1 ,1 ,1 ,1 ,0 
面膜,18 ,4 ,1 ,1 ,1 ,1 ,1 
面膜,95 ,5 ,1 ,1 ,1 ,1 ,1 
面膜,59 ,4 ,1 ,1 ,1 ,1 ,0 
面膜,12 ,4 ,1 ,1 ,1 ,1 ,1 
面膜,6 ,5 ,0 ,0 ,0 ,0 ,0 
面膜,39 ,4 ,1 ,1 ,1 ,1 ,1 
面膜,6 ,3 ,1 ,1 ,1 ,1 ,0 
面膜,54 ,4 ,1 ,1 ,1 ,1 ,1 
面膜,52 ,5 ,1 ,1 ,1 ,1 ,1 
面膜,6 ,5 ,1 ,1 ,1 ,1 ,1 
面膜,6 ,5 ,1 ,1 ,1 ,1 ,1 
面膜,59 ,4 ,1 ,1 ,1 ,1 ,0 
面膜,34 ,4 ,1 ,0 ,1 ,1 ,1 
面膜,46 ,4 ,1 ,1 ,1 ,1 ,1 
面膜,58 ,4 ,1 ,1 ,1 ,1 ,1 
面膜,6 ,5 ,1 ,1 ,1 ,1 ,1 
面膜,68 ,4 ,1 ,1 ,1 ,1 ,1 
面膜,12 ,4 ,1 ,1 ,1 ,0 ,1 
面膜,12 ,4 ,1 ,1 ,1 ,1 ,1 
面膜,38 ,4 ,1 ,1 ,1 ,1 ,1 
面膜,48 ,4 ,1 ,1 ,1 ,1 ,1 
面膜,60 ,4 ,1 ,1 ,1 ,0 ,1 
面膜,6 ,5 ,1 ,1 ,1 ,1 ,1 
面膜,6 ,5 ,1 ,1 ,1 ,1 ,1 
面膜,6 ,4 ,1 ,1 ,1 ,1 ,1 
面膜,17 ,5 ,0 ,0 ,0 ,0 ,0 
面膜,38 ,4 ,1 ,1 ,1 ,1 ,1 
面膜,82 ,4 ,1 ,1 ,1 ,1 ,1 
面膜,6 ,4 ,1 ,0 ,1 ,1 ,0 
面膜,95 ,5 ,0 ,0 ,0 ,0 ,0 
面膜,48 ,4 ,1 ,1 ,1 ,0 ,1 
面膜,68 ,4 ,1 ,1 ,1 ,1 ,0 
面膜,44 ,4 ,1 ,1 ,1 ,1 ,1 
面膜,48 ,4 ,1 ,1 ,1 ,1 ,1 
面膜,60 ,4 ,1 ,1 ,1 ,1 ,0 
面膜,69 ,4 ,0 ,0 ,0 ,0 ,0 
面膜,4 ,4 ,0 ,0 ,0 ,0 ,0 
面膜,25 ,5 ,1 ,1 ,1 ,1 ,1 
面膜,42 ,4 ,1 ,1 ,1 ,1 ,1 
面膜,6 ,5 ,1 ,1 ,1 ,1 ,0 
面膜,4 ,4 ,0 ,0 ,0 ,0 ,0 
面膜,40 ,4 ,0 ,0 ,0 ,0 ,0 
面膜,12 ,4 ,1 ,1 ,1 ,1 ,1 
面膜,72 ,5 ,0 ,0 ,0 ,0 ,0 
面膜,6 ,4 ,1 ,1 ,1 ,1 ,1 
面膜,150 ,4 ,1 ,1 ,1 ,1 ,1 
面膜,9 ,5 ,1 ,1 ,1 ,1 ,1 
面膜,6 ,5 ,1 ,1 ,1 ,0 ,1 
面膜,69 ,4 ,1 ,0 ,1 ,0 ,0 
面膜,38 ,5 ,1 ,1 ,1 ,1 ,1 
面膜,90 ,4 ,1 ,1 ,1 ,1 ,1 
面膜,52 ,4 ,1 ,1 ,1 ,1 ,1 
面膜,34 ,4 ,1 ,0 ,1 ,1 ,0 
面膜,46 ,3 ,1 ,1 ,1 ,1 ,0 
面膜,39 ,4 ,1 ,1 ,1 ,0 ,1 
面膜,9 ,4 ,1 ,1 ,1 ,1 ,1 
面膜,63 ,5 ,0 ,0 ,0 ,0 ,0 
面膜,6 ,4 ,1 ,1 ,1 ,1 ,1 
面膜,6 ,5 ,1 ,1 ,1 ,1 ,1 
面膜,9 ,5 ,1 ,1 ,1 ,1 ,1 
面膜,55 ,4 ,1 ,1 ,1 ,1 ,1 
面膜,62 ,4 ,1 ,1 ,1 ,1 ,1 
面膜,75 ,5 ,0 ,0 ,0 ,0 ,0 
面膜,60 ,5 ,1 ,1 ,1 ,1 ,1 
面膜,40 ,5 ,1 ,1 ,1 ,1 ,1 
面膜,70 ,5 ,1 ,1 ,1 ,1 ,0 
面膜,6 ,5 ,1 ,1 ,1 ,1 ,1 
面膜,7 ,4 ,1 ,1 ,1 ,1 ,1 
面膜,120 ,4 ,1 ,1 ,1 ,1 ,0 
面膜,59 ,4 ,0 ,0 ,0 ,0 ,0 
面膜,44 ,5 ,1 ,1 ,1 ,1 ,1 
面膜,4 ,5 ,1 ,1 ,1 ,1 ,1 
面膜,6 ,5 ,0 ,0 ,0 ,0 ,0 
面膜,7 ,4 ,1 ,1 ,1 ,1 ,1 
面膜,3 ,3 ,0 ,0 ,0 ,0 ,0 
面膜,12 ,5 ,1 ,1 ,1 ,1 ,1 
面膜,42 ,4 ,0 ,0 ,0 ,0 ,0 
面膜,69 ,5 ,0 ,0 ,0 ,0 ,0 
面膜,36 ,4 ,1 ,1 ,1 ,1 ,1 
面膜,4 ,5 ,1 ,1 ,1 ,1 ,1 
面膜,80 ,3 ,1 ,1 ,1 ,1 ,1 
面膜,3 ,3 ,0 ,0 ,0 ,0 ,0 
面膜,60 ,5 ,1 ,1 ,1 ,1 ,1 
面膜,69 ,4 ,1 ,1 ,1 ,0 ,1 
面膜,12 ,4 ,1 ,1 ,1 ,1 ,1 
面膜,6 ,4 ,0 ,0 ,0 ,0 ,0 
面膜,12 ,4 ,1 ,1 ,1 ,1 ,1 
面膜,9 ,4 ,1 ,1 ,1 ,1 ,1 
面膜,6 ,4 ,1 ,1 ,1 ,1 ,1 
面膜,45 ,5 ,1 ,0 ,1 ,1 ,0 
面膜,42 ,4 ,1 ,0 ,0 ,1 ,0 
面膜,76 ,5 ,1 ,1 ,1 ,1 ,1 
面膜,3 ,3 ,0 ,0 ,0 ,0 ,0 
面膜,9 ,5 ,1 ,1 ,1 ,1 ,0 
面膜,20 ,4 ,0 ,0 ,0 ,0 ,0 
面膜,125 ,5 ,1 ,0 ,1 ,1 ,0 
面膜,55 ,5 ,0 ,0 ,0 ,0 ,0 
面膜,20 ,5 ,0 ,0 ,0 ,0 ,0 
面膜,32 ,4 ,1 ,1 ,1 ,1 ,1 
面膜,48 ,4 ,1 ,1 ,1 ,0 ,0 
面膜,30 ,4 ,1 ,1 ,1 ,1 ,1 
面膜,48 ,4 ,0 ,0 ,0 ,0 ,0 
面膜,6 ,5 ,1 ,1 ,1 ,1 ,1 
面膜,39 ,4 ,1 ,1 ,1 ,1 ,1 
面膜,170 ,5 ,1 ,1 ,1 ,1 ,0 
面膜,12 ,4 ,1 ,1 ,1 ,1 ,1 
面膜,51 ,5 ,0 ,0 ,0 ,0 ,0 
面膜,28 ,4 ,0 ,0 ,0 ,0 ,0 
面膜,19 ,5 ,1 ,1 ,1 ,1 ,1 
面膜,75 ,4 ,1 ,1 ,1 ,1 ,1 
面膜,58 ,4 ,1 ,1 ,1 ,1 ,1 
面膜,32 ,4 ,1 ,1 ,1 ,1 ,1 
面膜,32 ,4 ,0 ,0 ,0 ,0 ,0 
面膜,75 ,4 ,1 ,1 ,1 ,1 ,1 
面膜,38 ,4 ,1 ,0 ,1 ,1 ,0 
面膜,20 ,4 ,1 ,1 ,1 ,1 ,1 
面膜,25 ,5 ,0 ,0 ,0 ,0 ,0 
面膜,6 ,5 ,0 ,0 ,0 ,0 ,0 
面膜,47 ,5 ,0 ,0 ,0 ,0 ,0 
面膜,48 ,5 ,1 ,1 ,1 ,1 ,1 
面膜,125 ,5 ,1 ,1 ,1 ,1 ,0 
面膜,19 ,0 ,1 ,1 ,1 ,1 ,1 
面膜,28 ,5 ,1 ,1 ,1 ,1 ,1 
面膜,8 ,4 ,1 ,1 ,1 ,1 ,1 
面膜,8 ,4 ,1 ,1 ,1 ,1 ,1 
面膜,65 ,4 ,1 ,1 ,1 ,1 ,1 
面膜,40 ,4 ,1 ,1 ,1 ,1 ,1 
面膜,35 ,3 ,1 ,1 ,1 ,1 ,1 
面膜,19 ,3 ,1 ,1 ,1 ,1 ,1 
面膜,69 ,5 ,1 ,1 ,1 ,0 ,0 
面膜,9 ,4 ,1 ,1 ,1 ,1 ,1 
面膜,9 ,4 ,1 ,1 ,1 ,1 ,1 
面膜,45 ,4 ,1 ,1 ,1 ,0 ,1 
面膜,35 ,4 ,1 ,1 ,1 ,1 ,1 
面膜,19 ,1 ,1 ,1 ,1 ,1 ,1 
面膜,12 ,4 ,1 ,1 ,1 ,1 ,1 
面膜,69 ,4 ,1 ,0 ,1 ,1 ,0 
面膜,9 ,3 ,1 ,1 ,1 ,1 ,1 
面膜,8 ,4 ,1 ,1 ,1 ,1 ,1 
面膜,18 ,4 ,1 ,1 ,1 ,1 ,1 
面膜,37 ,5 ,1 ,1 ,1 ,1 ,1 
面膜,43 ,4 ,0 ,0 ,0 ,0 ,0 
面膜,36 ,4 ,1 ,1 ,1 ,1 ,0 
面膜,7 ,3 ,1 ,1 ,1 ,1 ,1 
面膜,38 ,4 ,1 ,0 ,0 ,1 ,0 
面膜,5 ,4 ,1 ,1 ,1 ,1 ,1 
面膜,48 ,4 ,1 ,1 ,1 ,1 ,1 
面膜,56 ,4 ,1 ,1 ,1 ,1 ,0 
面膜,62 ,0 ,0 ,0 ,0 ,0 ,0 
面膜,38 ,3 ,1 ,1 ,1 ,0 ,1 
面膜,170 ,5 ,0 ,0 ,0 ,0 ,0 
面膜,75 ,5 ,1 ,1 ,1 ,1 ,1 
面膜,52 ,4 ,1 ,1 ,1 ,1 ,1 
面膜,8 ,4 ,1 ,1 ,1 ,1 ,1 
面膜,6 ,4 ,1 ,1 ,1 ,0 ,1 
面膜,6 ,4 ,1 ,0 ,0 ,1 ,0 
面膜,6 ,5 ,1 ,1 ,1 ,1 ,1 
面膜,34 ,4 ,0 ,0 ,0 ,0 ,0 
面膜,58 ,4 ,1 ,1 ,1 ,1 ,1 
面膜,48 ,4 ,0 ,0 ,0 ,0 ,0 
面膜,75 ,4 ,0 ,0 ,0 ,0 ,0 
面膜,19 ,5 ,0 ,0 ,0 ,0 ,0 
面膜,27 ,4 ,1 ,1 ,1 ,1 ,0 
面膜,48 ,4 ,1 ,1 ,1 ,1 ,1 
面膜,38 ,4 ,0 ,0 ,0 ,0 ,0 
面膜,140 ,4 ,1 ,1 ,1 ,0 ,1 
面膜,36 ,4 ,0 ,1 ,1 ,0 ,1 
面膜,28 ,3 ,1 ,0 ,1 ,1 ,0 
面膜,3 ,3 ,1 ,1 ,1 ,1 ,1 
面膜,20 ,4 ,1 ,1 ,1 ,1 ,0 
面膜,39 ,5 ,1 ,1 ,1 ,1 ,1 
面膜,6 ,4 ,1 ,1 ,1 ,1 ,1 
面膜,7 ,4 ,1 ,1 ,1 ,1 ,1 
面膜,250 ,4 ,1 ,1 ,1 ,1 ,1 
面膜,24 ,4 ,0 ,0 ,0 ,0 ,0 
面膜,48 ,4 ,1 ,1 ,1 ,1 ,1 
面膜,7 ,4 ,1 ,1 ,1 ,1 ,1 
面膜,51 ,4 ,0 ,0 ,0 ,0 ,0 
面膜,34 ,4 ,1 ,1 ,1 ,0 ,0 
面膜,7 ,5 ,1 ,1 ,1 ,1 ,1 
面膜,120 ,4 ,1 ,1 ,1 ,1 ,1 
面膜,24 ,4 ,1 ,1 ,1 ,1 ,0 
面膜,58 ,5 ,0 ,0 ,0 ,0 ,0 
面膜,51 ,4 ,0 ,0 ,0 ,0 ,0 
面膜,6 ,4 ,1 ,1 ,1 ,1 ,1 
面膜,160 ,3 ,1 ,1 ,1 ,1 ,1 
面膜,7 ,4 ,1 ,1 ,1 ,1 ,1 
面膜,20 ,4 ,0 ,0 ,0 ,0 ,0 
面膜,9 ,4 ,1 ,1 ,1 ,1 ,1 
面膜,42 ,5 ,1 ,1 ,1 ,1 ,1 
面膜,90 ,0 ,1 ,1 ,1 ,1 ,0 
面膜,88 ,4 ,1 ,1 ,1 ,1 ,1 
面膜,28 ,4 ,1 ,1 ,1 ,1 ,1 
面膜,50 ,4 ,1 ,1 ,1 ,0 ,1 
面膜,30 ,4 ,1 ,0 ,1 ,1 ,0 
面膜,7 ,4 ,1 ,1 ,1 ,1 ,1 
面膜,60 ,3 ,1 ,1 ,1 ,1 ,1 
面膜,46 ,5 ,0 ,0 ,0 ,0 ,0 
眼霜,215 ,4 ,0 ,0 ,0 ,0 ,0 
眼霜,64 ,0 ,1 ,1 ,1 ,1 ,1 
眼霜,60 ,4 ,1 ,1 ,1 ,1 ,1 
眼霜,29 ,4 ,1 ,1 ,1 ,1 ,1 
眼霜,38 ,4 ,1 ,1 ,1 ,1 ,1 
眼霜,62 ,4 ,1 ,1 ,1 ,1 ,0 
眼霜,68 ,4 ,1 ,1 ,1 ,1 ,1 
眼霜,48 ,5 ,1 ,1 ,1 ,1 ,1 
眼霜,215 ,4 ,0 ,0 ,0 ,0 ,0 
眼霜,32 ,4 ,1 ,1 ,1 ,1 ,1 
眼霜,48 ,4 ,1 ,1 ,1 ,1 ,1 
眼霜,65 ,4 ,1 ,1 ,1 ,1 ,0 
眼霜,60 ,4 ,1 ,1 ,1 ,1 ,1 
眼霜,32 ,4 ,1 ,1 ,1 ,1 ,1 
眼霜,46 ,5 ,1 ,1 ,1 ,1 ,1 
眼霜,48 ,4 ,1 ,1 ,1 ,1 ,1 
眼霜,135 ,4 ,1 ,1 ,1 ,1 ,1 
眼霜,69 ,4 ,1 ,1 ,1 ,1 ,1 
眼霜,54 ,4 ,1 ,1 ,1 ,1 ,1 
眼霜,69 ,4 ,1 ,1 ,1 ,1 ,1 
眼霜,52 ,4 ,1 ,1 ,1 ,1 ,1 
眼霜,68 ,4 ,1 ,1 ,1 ,1 ,1 
眼霜,37 ,4 ,1 ,1 ,1 ,1 ,1 
眼霜,25 ,4 ,1 ,1 ,1 ,1 ,1 
眼霜,34 ,4 ,1 ,1 ,1 ,1 ,1 
眼霜,85 ,4 ,1 ,1 ,1 ,1 ,1 
眼霜,41 ,4 ,0 ,0 ,0 ,0 ,0 
眼霜,255 ,4 ,0 ,0 ,0 ,0 ,0 
眼霜,5 ,4 ,0 ,0 ,0 ,0 ,0 
眼霜,32 ,4 ,1 ,1 ,1 ,1 ,1 
眼霜,67 ,4 ,1 ,1 ,1 ,1 ,1 
眼霜,69 ,3 ,1 ,1 ,1 ,1 ,0 
眼霜,67 ,4 ,1 ,1 ,1 ,1 ,1 
眼霜,36 ,4 ,1 ,1 ,1 ,1 ,1 
眼霜,36 ,4 ,1 ,1 ,1 ,1 ,1 
眼霜,25 ,5 ,1 ,1 ,1 ,1 ,0 
眼霜,150 ,4 ,1 ,1 ,1 ,1 ,1 
眼霜,62 ,4 ,1 ,1 ,1 ,1 ,1 
眼霜,85 ,4 ,0 ,0 ,0 ,0 ,0 
眼霜,48 ,4 ,1 ,1 ,1 ,1 ,1 
眼霜,39 ,4 ,1 ,1 ,1 ,1 ,1 
眼霜,65 ,4 ,0 ,0 ,0 ,0 ,0 
眼霜,98 ,4 ,1 ,1 ,1 ,1 ,1 
眼霜,65 ,4 ,1 ,1 ,1 ,1 ,1 
眼霜,26 ,4 ,1 ,1 ,1 ,1 ,1 
眼霜,75 ,4 ,1 ,1 ,1 ,1 ,1 
眼霜,38 ,4 ,1 ,1 ,1 ,1 ,1 
眼霜,66 ,4 ,1 ,1 ,1 ,1 ,1 
眼霜,85 ,4 ,1 ,1 ,1 ,1 ,1 
眼霜,80 ,4 ,0 ,0 ,0 ,0 ,0 
眼霜,25 ,5 ,1 ,1 ,1 ,1 ,1 
眼霜,38 ,4 ,1 ,1 ,1 ,1 ,1 
眼霜,77 ,4 ,1 ,1 ,1 ,1 ,1 
眼霜,42 ,4 ,1 ,1 ,1 ,1 ,1 
眼霜,125 ,4 ,0 ,0 ,0 ,0 ,0 
眼霜,41 ,4 ,0 ,0 ,0 ,0 ,0 
眼霜,35 ,4 ,1 ,1 ,1 ,1 ,1 
眼霜,54 ,4 ,0 ,0 ,0 ,0 ,0 
眼霜,65 ,3 ,1 ,1 ,1 ,1 ,1 
眼霜,72 ,4 ,1 ,1 ,1 ,1 ,1 
眼霜,85 ,4 ,1 ,1 ,1 ,1 ,1 
眼霜,36 ,4 ,1 ,1 ,1 ,1 ,1 
眼霜,42 ,4 ,1 ,1 ,1 ,1 ,1 
眼霜,43 ,4 ,1 ,1 ,1 ,1 ,1 
眼霜,38 ,4 ,1 ,1 ,1 ,0 ,1 
眼霜,65 ,4 ,1 ,1 ,1 ,1 ,1 
眼霜,60 ,4 ,0 ,0 ,0 ,0 ,0 
眼霜,72 ,4 ,1 ,1 ,1 ,1 ,1 
眼霜,61 ,5 ,1 ,1 ,1 ,1 ,1 
眼霜,5 ,3 ,0 ,0 ,0 ,0 ,0 
眼霜,45 ,4 ,0 ,0 ,0 ,0 ,0 
眼霜,48 ,4 ,1 ,1 ,1 ,0 ,0 
眼霜,99 ,3 ,1 ,1 ,1 ,1 ,1 
眼霜,95 ,4 ,1 ,1 ,1 ,1 ,1 
眼霜,165 ,5 ,1 ,1 ,1 ,1 ,1 
眼霜,72 ,5 ,1 ,0 ,1 ,0 ,0 
眼霜,64 ,4 ,0 ,0 ,0 ,0 ,0 
眼霜,58 ,4 ,1 ,1 ,1 ,0 ,0 
眼霜,32 ,4 ,0 ,0 ,0 ,0 ,0 
眼霜,95 ,4 ,1 ,1 ,1 ,1 ,1 
眼霜,68 ,4 ,1 ,1 ,1 ,1 ,1 
眼霜,25 ,4 ,0 ,0 ,0 ,0 ,0 
眼霜,32 ,4 ,1 ,1 ,1 ,1 ,1 
眼霜,85 ,4 ,1 ,1 ,1 ,1 ,0 
眼霜,45 ,4 ,0 ,0 ,0 ,0 ,0 
眼霜,22 ,4 ,1 ,1 ,1 ,1 ,1 
眼霜,122 ,4 ,0 ,1 ,0 ,0 ,0 
眼霜,48 ,4 ,0 ,0 ,0 ,0 ,0 
眼霜,260 ,5 ,1 ,1 ,1 ,1 ,0 
眼霜,110 ,4 ,0 ,0 ,0 ,0 ,0 
眼霜,49 ,4 ,0 ,0 ,0 ,0 ,0 
眼霜,110 ,4 ,1 ,1 ,1 ,1 ,1 
眼霜,48 ,5 ,1 ,1 ,1 ,1 ,0 
眼霜,45 ,4 ,0 ,0 ,0 ,0 ,0 
眼霜,69 ,3 ,1 ,1 ,1 ,1 ,1 
眼霜,38 ,4 ,1 ,1 ,1 ,1 ,1 
眼霜,159 ,4 ,1 ,1 ,1 ,1 ,1 
眼霜,35 ,5 ,1 ,1 ,1 ,1 ,1 
眼霜,200 ,3 ,1 ,1 ,1 ,1 ,1 
眼霜,122 ,5 ,0 ,1 ,0 ,0 ,0 
眼霜,64 ,4 ,0 ,0 ,0 ,0 ,0 
眼霜,34 ,4 ,0 ,0 ,0 ,0 ,0 
眼霜,48 ,4 ,1 ,1 ,1 ,1 ,1 
眼霜,74 ,4 ,0 ,0 ,0 ,0 ,0 
眼霜,40 ,4 ,0 ,0 ,0 ,0 ,0 
眼霜,39 ,3 ,1 ,1 ,1 ,1 ,1 
眼霜,38 ,4 ,1 ,1 ,1 ,1 ,1 
眼霜,105 ,4 ,0 ,0 ,0 ,0 ,0 
眼霜,68 ,4 ,0 ,0 ,0 ,0 ,0 
眼霜,38 ,4 ,0 ,0 ,0 ,0 ,0 
眼霜,65 ,4 ,1 ,1 ,1 ,1 ,1 
眼霜,139 ,4 ,0 ,0 ,0 ,0 ,0 
眼霜,79 ,4 ,0 ,0 ,0 ,0 ,0 
眼霜,65 ,4 ,1 ,1 ,1 ,1 ,1 
眼霜,55 ,4 ,1 ,1 ,1 ,1 ,0 
眼霜,100 ,4 ,0 ,0 ,0 ,0 ,0 
眼霜,69 ,4 ,0 ,0 ,0 ,0 ,0 
眼霜,44 ,4 ,0 ,0 ,0 ,0 ,0 
眼霜,70 ,4 ,0 ,0 ,0 ,0 ,0 
眼霜,72 ,4 ,1 ,1 ,1 ,1 ,1 
眼霜,48 ,4 ,0 ,0 ,0 ,0 ,0 
眼霜,50 ,4 ,0 ,0 ,0 ,0 ,0 
眼霜,38 ,4 ,1 ,1 ,1 ,1 ,1 
眼霜,42 ,3 ,0 ,0 ,0 ,0 ,0 
眼霜,60 ,4 ,1 ,1 ,1 ,1 ,1 
眼霜,38 ,4 ,0 ,0 ,0 ,0 ,0 
眼霜,170 ,5 ,1 ,1 ,1 ,1 ,0 
眼霜,38 ,4 ,0 ,0 ,0 ,0 ,0 
眼霜,42 ,4 ,0 ,0 ,0 ,0 ,0 
眼霜,38 ,4 ,0 ,0 ,0 ,0 ,0 
眼霜,25 ,4 ,0 ,0 ,0 ,0 ,0 
眼霜,100 ,3 ,0 ,0 ,0 ,0 ,0 
眼霜,56 ,4 ,1 ,1 ,1 ,1 ,1 
眼霜,26 ,4 ,0 ,0 ,0 ,0 ,0 
眼霜,35 ,0 ,0 ,0 ,0 ,0 ,0 
眼霜,22 ,4 ,1 ,1 ,1 ,1 ,1 
眼霜,35 ,4 ,1 ,1 ,1 ,1 ,1 
眼霜,68 ,4 ,1 ,1 ,1 ,1 ,1 
眼霜,48 ,4 ,1 ,1 ,1 ,1 ,1 
眼霜,26 ,3 ,1 ,1 ,1 ,1 ,1 
眼霜,60 ,3 ,1 ,1 ,1 ,1 ,0 
眼霜,41 ,4 ,0 ,0 ,0 ,0 ,0 
眼霜,29 ,3 ,0 ,0 ,0 ,0 ,0 
眼霜,52 ,4 ,1 ,1 ,1 ,1 ,0 
眼霜,55 ,4 ,1 ,1 ,1 ,1 ,1 
眼霜,65 ,3 ,0 ,0 ,0 ,0 ,0 
眼霜,68 ,4 ,1 ,1 ,1 ,1 ,1 
眼霜,125 ,4 ,0 ,0 ,0 ,0 ,0 
眼霜,50 ,4 ,0 ,0 ,0 ,0 ,0 
眼霜,45 ,4 ,1 ,1 ,1 ,1 ,1 
眼霜,24 ,3 ,1 ,1 ,1 ,1 ,1 
眼霜,75 ,4 ,1 ,1 ,1 ,1 ,1 
眼霜,32 ,4 ,1 ,1 ,1 ,1 ,1 
眼霜,55 ,4 ,0 ,1 ,1 ,0 ,1 
眼霜,39 ,4 ,1 ,1 ,1 ,1 ,1 
眼霜,76 ,4 ,0 ,0 ,0 ,0 ,0 
眼霜,12 ,4 ,0 ,0 ,0 ,0 ,0 
眼霜,41 ,4 ,1 ,1 ,1 ,1 ,1 
眼霜,65 ,3 ,1 ,1 ,1 ,1 ,1 
眼霜,42 ,0 ,1 ,1 ,1 ,1 ,1 
眼霜,110 ,4 ,0 ,0 ,0 ,0 ,0 
眼霜,40 ,5 ,1 ,1 ,1 ,1 ,1 
眼霜,51 ,4 ,0 ,0 ,0 ,0 ,0 
眼霜,75 ,4 ,0 ,0 ,0 ,0 ,0 
眼霜,45 ,3 ,1 ,1 ,1 ,1 ,1 
眼霜,32 ,4 ,1 ,1 ,1 ,1 ,1 
眼霜,24 ,4 ,1 ,1 ,1 ,1 ,1 
眼霜,44 ,3 ,1 ,1 ,1 ,1 ,0 
眼霜,75 ,4 ,1 ,1 ,1 ,1 ,0 
眼霜,42 ,4 ,1 ,1 ,1 ,1 ,1 
眼霜,105 ,3 ,1 ,1 ,1 ,1 ,1 
眼霜,195 ,3 ,0 ,1 ,1 ,0 ,1 
眼霜,75 ,4 ,1 ,1 ,1 ,1 ,1 
眼霜,38 ,4 ,1 ,1 ,1 ,1 ,1 
眼霜,50 ,4 ,0 ,0 ,0 ,0 ,0 
眼霜,55 ,4 ,1 ,1 ,1 ,1 ,1 
眼霜,35 ,4 ,1 ,1 ,1 ,0 ,1 
眼霜,38 ,4 ,1 ,1 ,1 ,1 ,0 
眼霜,230 ,5 ,0 ,0 ,0 ,0 ,0 
眼霜,65 ,4 ,1 ,1 ,1 ,1 ,1 
眼霜,24 ,4 ,0 ,0 ,0 ,0 ,0 
眼霜,82 ,4 ,1 ,1 ,1 ,1 ,0 
眼霜,46 ,3 ,0 ,0 ,0 ,0 ,0 
眼霜,72 ,3 ,1 ,1 ,1 ,1 ,1 
眼霜,58 ,3 ,0 ,0 ,0 ,0 ,0 
眼霜,44 ,3 ,1 ,1 ,1 ,1 ,1 
眼霜,68 ,4 ,0 ,0 ,0 ,0 ,0 
眼霜,15 ,2 ,1 ,1 ,1 ,1 ,1 
眼霜,42 ,4 ,0 ,0 ,0 ,0 ,0 
眼霜,30 ,4 ,1 ,1 ,1 ,1 ,1 
眼霜,65 ,4 ,0 ,0 ,0 ,0 ,0 
眼霜,73 ,3 ,0 ,0 ,0 ,0 ,0 
眼霜,125 ,3 ,1 ,1 ,1 ,0 ,0 
眼霜,50 ,4 ,1 ,1 ,1 ,1 ,1 
眼霜,71 ,4 ,0 ,0 ,0 ,0 ,0 
眼霜,46 ,3 ,0 ,0 ,0 ,0 ,0 
眼霜,75 ,4 ,1 ,1 ,1 ,1 ,1 
眼霜,26 ,3 ,1 ,1 ,1 ,1 ,1 
眼霜,26 ,4 ,1 ,1 ,1 ,1 ,1 
眼霜,46 ,4 ,0 ,0 ,0 ,0 ,0 
眼霜,40 ,4 ,1 ,1 ,1 ,1 ,0 
眼霜,90 ,5 ,1 ,1 ,1 ,1 ,1 
眼霜,60 ,4 ,0 ,0 ,0 ,0 ,0 
眼霜,69 ,3 ,1 ,1 ,1 ,1 ,1 
眼霜,35 ,4 ,0 ,0 ,0 ,0 ,0 
眼霜,5 ,0 ,0 ,0 ,0 ,0 ,0 
眼霜,30 ,4 ,0 ,0 ,0 ,0 ,0 
眼霜,145 ,4 ,0 ,0 ,0 ,0 ,0 
眼霜,30 ,4 ,0 ,0 ,0 ,0 ,0 
防晒霜,45 ,4 ,0 ,0 ,0 ,0 ,0 
防晒霜,45 ,4 ,0 ,0 ,0 ,0 ,0 
防晒霜,34 ,5 ,1 ,0 ,1 ,1 ,0 
防晒霜,45 ,4 ,0 ,0 ,0 ,0 ,0 
防晒霜,32 ,5 ,1 ,1 ,1 ,1 ,0 
防晒霜,45 ,4 ,0 ,0 ,0 ,0 ,0 
防晒霜,65 ,5 ,1 ,1 ,1 ,1 ,1 
防晒霜,40 ,4 ,1 ,1 ,1 ,1 ,1 
防晒霜,19 ,4 ,1 ,1 ,1 ,1 ,0 
防晒霜,61 ,4 ,1 ,1 ,1 ,1 ,1 
防晒霜,40 ,4 ,0 ,0 ,0 ,0 ,0 
防晒霜,30 ,5 ,1 ,1 ,1 ,1 ,1 
防晒霜,65 ,5 ,1 ,1 ,1 ,0 ,1 
防晒霜,34 ,3 ,1 ,1 ,1 ,1 ,1 
防晒霜,36 ,4 ,1 ,1 ,1 ,1 ,1 
防晒霜,45 ,4 ,0 ,0 ,0 ,0 ,0 
防晒霜,34 ,4 ,0 ,0 ,0 ,0 ,0 
防晒霜,43 ,4 ,0 ,0 ,0 ,0 ,0 
防晒霜,38 ,4 ,1 ,1 ,1 ,1 ,1 
防晒霜,38 ,4 ,0 ,0 ,0 ,0 ,0 
防晒霜,36 ,4 ,0 ,0 ,0 ,0 ,0 
防晒霜,36 ,4 ,0 ,0 ,0 ,0 ,0 
防晒霜,36 ,5 ,1 ,1 ,1 ,1 ,1 
防晒霜,46 ,5 ,1 ,1 ,1 ,1 ,1 
防晒霜,36 ,4 ,0 ,0 ,0 ,0 ,0 
防晒霜,70 ,4 ,1 ,1 ,1 ,0 ,1 
防晒霜,42 ,4 ,0 ,0 ,0 ,0 ,0 
防晒霜,38 ,5 ,1 ,1 ,1 ,1 ,1 
防晒霜,42 ,4 ,1 ,1 ,1 ,1 ,0 
防晒霜,39 ,4 ,1 ,1 ,1 ,1 ,1 
防晒霜,39 ,4 ,0 ,0 ,0 ,0 ,0 
防晒霜,36 ,4 ,1 ,0 ,1 ,1 ,1 
防晒霜,69 ,4 ,1 ,1 ,1 ,1 ,0 
防晒霜,54 ,4 ,0 ,0 ,0 ,0 ,0 
防晒霜,195 ,4 ,1 ,1 ,1 ,1 ,1 
防晒霜,75 ,4 ,0 ,0 ,0 ,0 ,0 
防晒霜,54 ,4 ,0 ,0 ,0 ,0 ,0 
防晒霜,49 ,4 ,0 ,0 ,0 ,0 ,0 
防晒霜,260 ,5 ,1 ,1 ,1 ,1 ,1 
防晒霜,60 ,5 ,1 ,0 ,1 ,1 ,1 
防晒霜,38 ,4 ,1 ,1 ,1 ,1 ,0 
防晒霜,52 ,4 ,1 ,1 ,1 ,0 ,1 
防晒霜,60 ,4 ,0 ,0 ,0 ,0 ,0 
防晒霜,28 ,3 ,1 ,1 ,1 ,1 ,0 
防晒霜,49 ,4 ,0 ,0 ,0 ,0 ,0 
防晒霜,23 ,4 ,1 ,1 ,1 ,1 ,1 
防晒霜,55 ,4 ,0 ,0 ,0 ,0 ,0 
防晒霜,39 ,4 ,0 ,0 ,0 ,0 ,0 
防晒霜,35 ,4 ,1 ,1 ,1 ,1 ,1 
防晒霜,54 ,4 ,0 ,0 ,0 ,0 ,0 
防晒霜,42 ,4 ,1 ,1 ,1 ,1 ,1 
防晒霜,28 ,4 ,1 ,1 ,1 ,1 ,1 
防晒霜,31 ,4 ,1 ,1 ,1 ,1 ,1 
防晒霜,90 ,4 ,0 ,0 ,0 ,0 ,0 
防晒霜,26 ,4 ,0 ,0 ,0 ,0 ,0 
防晒霜,30 ,4 ,1 ,1 ,1 ,1 ,1 
防晒霜,74 ,4 ,1 ,1 ,1 ,1 ,1 
防晒霜,36 ,4 ,1 ,0 ,1 ,1 ,1 
防晒霜,84 ,4 ,1 ,1 ,1 ,1 ,1 
防晒霜,95 ,5 ,0 ,0 ,0 ,0 ,0 
防晒霜,28 ,4 ,1 ,1 ,1 ,1 ,1 
防晒霜,42 ,4 ,1 ,0 ,1 ,1 ,1 
防晒霜,36 ,4 ,0 ,0 ,0 ,0 ,0 
防晒霜,22 ,5 ,1 ,1 ,1 ,1 ,1 
防晒霜,28 ,4 ,1 ,1 ,1 ,1 ,1 
防晒霜,30 ,3 ,1 ,1 ,1 ,1 ,1 
防晒霜,42 ,4 ,1 ,1 ,1 ,1 ,1 
防晒霜,59 ,4 ,0 ,0 ,0 ,0 ,0 
防晒霜,48 ,4 ,0 ,0 ,0 ,0 ,0 
防晒霜,25 ,4 ,1 ,1 ,0 ,0 ,1 
防晒霜,34 ,4 ,1 ,1 ,1 ,1 ,1 
防晒霜,65 ,4 ,1 ,1 ,1 ,1 ,1 
防晒霜,70 ,4 ,1 ,1 ,1 ,1 ,0 
防晒霜,26 ,4 ,0 ,0 ,0 ,0 ,0 
防晒霜,44 ,5 ,1 ,1 ,1 ,1 ,1 
防晒霜,39 ,4 ,1 ,1 ,1 ,1 ,1 
防晒霜,55 ,5 ,1 ,1 ,1 ,1 ,1 
防晒霜,34 ,4 ,1 ,1 ,1 ,0 ,0 
防晒霜,55 ,4 ,0 ,0 ,0 ,0 ,0 
防晒霜,36 ,4 ,1 ,1 ,1 ,1 ,1 
防晒霜,21 ,5 ,0 ,0 ,0 ,0 ,0 
防晒霜,19 ,4 ,1 ,1 ,1 ,1 ,1 
防晒霜,32 ,4 ,1 ,1 ,1 ,1 ,1 
防晒霜,53 ,4 ,0 ,0 ,0 ,0 ,0 
防晒霜,32 ,4 ,1 ,1 ,1 ,0 ,1 
防晒霜,32 ,4 ,1 ,1 ,1 ,0 ,1 
防晒霜,25 ,4 ,0 ,0 ,0 ,0 ,0 
防晒霜,40 ,4 ,0 ,0 ,0 ,0 ,0 
防晒霜,34 ,5 ,0 ,0 ,0 ,0 ,0 
防晒霜,72 ,4 ,0 ,0 ,0 ,0 ,0 
防晒霜,36 ,3 ,1 ,0 ,1 ,1 ,0 
防晒霜,34 ,4 ,1 ,1 ,1 ,1 ,0 
防晒霜,42 ,4 ,0 ,0 ,0 ,0 ,0 
防晒霜,38 ,3 ,0 ,0 ,0 ,0 ,0 
防晒霜,35 ,4 ,0 ,0 ,0 ,0 ,0 
防晒霜,64 ,4 ,0 ,0 ,0 ,0 ,0 
防晒霜,28 ,4 ,1 ,1 ,1 ,1 ,1 
防晒霜,34 ,5 ,0 ,0 ,0 ,0 ,0 
防晒霜,30 ,4 ,1 ,1 ,1 ,0 ,1 
防晒霜,42 ,4 ,0 ,0 ,0 ,0 ,0 
防晒霜,42 ,4 ,1 ,1 ,1 ,1 ,0 
防晒霜,53 ,4 ,0 ,0 ,0 ,0 ,0 
防晒霜,34 ,5 ,0 ,0 ,0 ,0 ,0 
防晒霜,44 ,4 ,0 ,0 ,0 ,0 ,0 
防晒霜,42 ,4 ,0 ,0 ,0 ,0 ,0 
防晒霜,32 ,4 ,1 ,1 ,1 ,0 ,1 
防晒霜,50 ,4 ,0 ,0 ,0 ,0 ,0 
防晒霜,20 ,5 ,1 ,1 ,1 ,1 ,1 
防晒霜,38 ,0 ,1 ,1 ,1 ,1 ,1 
防晒霜,85 ,4 ,0 ,0 ,0 ,0 ,0 
防晒霜,28 ,4 ,1 ,1 ,1 ,1 ,1 
防晒霜,32 ,5 ,1 ,1 ,1 ,1 ,1 
防晒霜,54 ,5 ,0 ,0 ,0 ,0 ,0 
防晒霜,42 ,4 ,1 ,1 ,1 ,1 ,1 
防晒霜,38 ,4 ,0 ,0 ,0 ,1 ,1 
防晒霜,99 ,4 ,0 ,1 ,0 ,0 ,0 
防晒霜,76 ,5 ,0 ,0 ,0 ,0 ,0 
防晒霜,25 ,4 ,1 ,1 ,1 ,1 ,1 
防晒霜,38 ,3 ,1 ,1 ,1 ,1 ,0 
防晒霜,26 ,4 ,0 ,0 ,0 ,0 ,0 
防晒霜,36 ,4 ,1 ,1 ,1 ,1 ,1 
防晒霜,45 ,4 ,0 ,0 ,0 ,0 ,0 
防晒霜,100 ,4 ,0 ,0 ,0 ,0 ,0 
防晒霜,40 ,4 ,0 ,0 ,0 ,0 ,0 
防晒霜,55 ,4 ,0 ,0 ,0 ,0 ,0 
防晒霜,42 ,4 ,0 ,0 ,0 ,0 ,0 
防晒霜,34 ,4 ,1 ,1 ,1 ,1 ,1 
防晒霜,75 ,4 ,1 ,0 ,1 ,1 ,1 
防晒霜,26 ,5 ,1 ,1 ,1 ,1 ,1 
防晒霜,40 ,4 ,0 ,0 ,0 ,0 ,0 
防晒霜,36 ,4 ,1 ,1 ,1 ,1 ,1 
防晒霜,39 ,4 ,0 ,0 ,0 ,0 ,0 
防晒霜,32 ,5 ,1 ,1 ,1 ,1 ,1 
防晒霜,34 ,4 ,1 ,0 ,1 ,0 ,1 
防晒霜,90 ,4 ,1 ,1 ,1 ,1 ,1 
防晒霜,35 ,4 ,1 ,1 ,1 ,1 ,0 
防晒霜,36 ,4 ,0 ,0 ,0 ,0 ,0 
防晒霜,18 ,5 ,1 ,1 ,1 ,0 ,1 
防晒霜,50 ,4 ,0 ,0 ,0 ,0 ,0 
防晒霜,36 ,5 ,1 ,1 ,1 ,1 ,1 
防晒霜,39 ,4 ,1 ,1 ,1 ,1 ,1 
防晒霜,40 ,4 ,0 ,0 ,0 ,0 ,0 
防晒霜,34 ,4 ,1 ,1 ,1 ,1 ,1 
防晒霜,32 ,5 ,1 ,1 ,1 ,0 ,0 
防晒霜,26 ,3 ,1 ,1 ,1 ,1 ,1 
防晒霜,75 ,4 ,1 ,1 ,1 ,1 ,1 
防晒霜,32 ,3 ,1 ,1 ,1 ,1 ,1 
防晒霜,45 ,5 ,0 ,0 ,0 ,0 ,0 
防晒霜,36 ,5 ,1 ,1 ,1 ,1 ,1 
防晒霜,32 ,4 ,1 ,1 ,1 ,1 ,0 
防晒霜,34 ,4 ,0 ,0 ,0 ,0 ,0 
防晒霜,32 ,4 ,1 ,1 ,1 ,1 ,0 
防晒霜,260 ,3 ,1 ,1 ,1 ,1 ,1 
防晒霜,26 ,3 ,1 ,1 ,1 ,1 ,1 
防晒霜,56 ,4 ,1 ,1 ,1 ,1 ,1 
防晒霜,20 ,4 ,1 ,1 ,1 ,1 ,1 
防晒霜,32 ,5 ,1 ,1 ,1 ,1 ,1 
防晒霜,28 ,5 ,1 ,1 ,1 ,1 ,0 
防晒霜,19 ,5 ,1 ,1 ,1 ,1 ,0 
防晒霜,30 ,4 ,0 ,0 ,0 ,0 ,0 
防晒霜,36 ,5 ,0 ,0 ,0 ,0 ,0 
防晒霜,45 ,4 ,0 ,0 ,0 ,0 ,0 
防晒霜,38 ,4 ,1 ,1 ,1 ,1 ,1 
防晒霜,34 ,4 ,0 ,0 ,0 ,0 ,0 
防晒霜,48 ,4 ,0 ,0 ,0 ,0 ,0 
防晒霜,35 ,4 ,1 ,1 ,1 ,1 ,1 
防晒霜,48 ,4 ,0 ,0 ,0 ,0 ,0 
防晒霜,54 ,4 ,0 ,0 ,0 ,0 ,0 
防晒霜,20 ,1 ,0 ,0 ,0 ,0 ,0 
防晒霜,45 ,0 ,1 ,1 ,1 ,1 ,1 
